{"type": "FeatureCollection", "features": [{"type": "Feature", "properties": {"name": "Gocław"}, "geometry": {"type": "Polygon", "coordinates": [[[21.072046, 52.2312013], [21.0730998, 52.22993], [21.0774495, 52.226218], [21.0832466, 52.219895], [21.0830467, 52.2179725], [21.0877325, 52.2169043], [21.0923939, 52.2152055], [21.0961611, 52.2173798], [21.0965233, 52.2180526], [21.0970401, 52.2184481], [21.0973634, 52.2182892], [21.119377, 52.2324188], [21.1190057, 52.2326162], [21.1161625, 52.2327148], [21.0936749, 52.2352314], [21.0883105, 52.2360658], [21.0857463, 52.2362038], [21.0810603, 52.2356124], [21.078853, 52.2351558], [21.077932, 52.234741], [21.072046, 52.2312013]]]}}, {"type": "Feature", "properties": {"name": "Kamionek"}, "geometry": {"type": "Polygon", "coordinates": [[[21.0368505, 52.2385994], [21.0401021, 52.2357437], [21.0693743, 52.2417548], [21.069013, 52.2423407], [21.0686272, 52.2435409], [21.07028, 52.2450967], [21.0693322, 52.2451203], [21.0702167, 52.2502376], [21.0680011, 52.2505227], [21.0665112, 52.2501653], [21.0643819, 52.2569375], [21.0631614, 52.2560074], [21.0622022, 52.2555989], [21.0551132, 52.2529227], [21.0531125, 52.2525018], [21.0507369, 52.2516941], [21.0452115, 52.2493245], [21.0443555, 52.2485692], [21.044203, 52.248622], [21.0437451, 52.2479523], [21.0439094, 52.2479255], [21.0438023, 52.2475719], [21.0435629, 52.247558], [21.0433961, 52.2462178], [21.0433561, 52.243212], [21.0437138, 52.2431594], [21.0436428, 52.242984], [21.0432858, 52.2430394], [21.0423438, 52.2418136], [21.0408476, 52.2408773], [21.040909, 52.2406441], [21.0368505, 52.2385994]]]}}, {"type": "Feature", "properties": {"name": "Saska Kępa"}, "geometry": {"type": "Polygon", "coordinates": [[[21.0401021, 52.2357437], [21.0423334, 52.2334976], [21.0476555, 52.2271554], [21.0499524, 52.2248758], [21.0527654, 52.2227841], [21.0563019, 52.2209837], [21.0606821, 52.2195408], [21.0653364, 52.2186962], [21.0693233, 52.2184448], [21.0771496, 52.218584], [21.0830467, 52.2179725], [21.0832466, 52.219895], [21.0774495, 52.226218], [21.0730998, 52.22993], [21.0708191, 52.2325761], [21.0665136, 52.239277], [21.0649103, 52.2408376], [21.0401021, 52.2357437]]]}}, {"type": "Feature", "properties": {"name": "Nowa Praga"}, "geometry": {"type": "Polygon", "coordinates": [[[21.0096422, 52.2612874], [21.0108477, 52.26003], [21.0139682, 52.25614], [21.0185501, 52.2512116], [21.0210206, 52.2488811], [21.0353685, 52.2549521], [21.0356022, 52.254746], [21.0398571, 52.2565174], [21.0452865, 52.2582469], [21.0490221, 52.2606281], [21.0551556, 52.2634327], [21.0439403, 52.2666673], [21.0382715, 52.2680051], [21.0379687, 52.2682597], [21.0368821, 52.2685532], [21.0317575, 52.2675955], [21.0221648, 52.2647046], [21.0135627, 52.2624803], [21.0096422, 52.2612874]]]}}, {"type": "Feature", "properties": {"name": "Pelcowizna"}, "geometry": {"type": "Polygon", "coordinates": [[[20.9957619, 52.2877505], [20.9976433, 52.2863085], [21.0001516, 52.2838646], [21.0016028, 52.2820136], [21.0029089, 52.27981], [21.0040591, 52.2765458], [21.0047283, 52.2708094], [21.0057149, 52.267427], [21.0077667, 52.2634335], [21.0096422, 52.2612874], [21.0135627, 52.2624803], [21.0221648, 52.2647046], [21.0317575, 52.2675955], [21.0368821, 52.2685532], [21.0327257, 52.2705252], [21.0314271, 52.2709345], [21.0282422, 52.2713954], [21.0271196, 52.2717687], [21.0257617, 52.2726089], [21.0247416, 52.2738109], [21.0211321, 52.2797789], [21.0156122, 52.2895065], [21.0138451, 52.2931677], [21.0140289, 52.2932017], [21.0137553, 52.2938438], [21.0131253, 52.2948505], [21.012423, 52.2940275], [21.0115004, 52.2935524], [21.0058528, 52.2917668], [21.0047315, 52.2916226], [21.0043947, 52.2920213], [21.0029866, 52.2913705], [21.0021519, 52.2920493], [21.0017367, 52.2921971], [21.000584, 52.2932997], [20.9992004, 52.2931564], [20.9988867, 52.2930243], [20.9990765, 52.2928204], [20.9983411, 52.2921388], [20.998825, 52.291739], [20.9987951, 52.290337], [20.9971071, 52.2894291], [20.997009, 52.2887101], [20.9973455, 52.2884737], [20.9957619, 52.2877505]]]}}, {"type": "Feature", "properties": {"name": "Stara Praga"}, "geometry": {"type": "Polygon", "coordinates": [[[21.0210206, 52.2488811], [21.0237886, 52.2469051], [21.0312443, 52.2426308], [21.0343762, 52.2405084], [21.0368505, 52.2385994], [21.040909, 52.2406441], [21.0408476, 52.2408773], [21.0423438, 52.2418136], [21.0432858, 52.2430394], [21.0436428, 52.242984], [21.0437138, 52.2431594], [21.0433561, 52.243212], [21.0433961, 52.2462178], [21.0435629, 52.247558], [21.0438023, 52.2475719], [21.0439094, 52.2479255], [21.0437451, 52.2479523], [21.044203, 52.248622], [21.0443555, 52.2485692], [21.0454344, 52.2494704], [21.0477277, 52.250494], [21.0457726, 52.2518654], [21.043844, 52.2543675], [21.0434173, 52.2542489], [21.0398571, 52.2565174], [21.0356022, 52.254746], [21.0353685, 52.2549521], [21.0210206, 52.2488811]]]}}, {"type": "Feature", "properties": {"name": "Szmulowizna"}, "geometry": {"type": "Polygon", "coordinates": [[[21.0398571, 52.2565174], [21.0434173, 52.2542489], [21.043844, 52.2543675], [21.0457726, 52.2518654], [21.0477277, 52.250494], [21.0528614, 52.2524255], [21.0560324, 52.2532422], [21.0578248, 52.2540402], [21.0622022, 52.2555989], [21.0631614, 52.2560074], [21.0644575, 52.2569979], [21.0656226, 52.2576243], [21.0698114, 52.2583016], [21.0732639, 52.2585817], [21.0742112, 52.2590259], [21.0733809, 52.2590635], [21.0674601, 52.260425], [21.0564153, 52.2634335], [21.0560275, 52.2634923], [21.0555708, 52.2633233], [21.0551556, 52.2634327], [21.0490221, 52.2606281], [21.0452865, 52.2582469], [21.0398571, 52.2565174]]]}}, {"type": "Feature", "properties": {"name": "Aleksandrów"}, "geometry": {"type": "Polygon", "coordinates": [[[21.2242446, 52.1733106], [21.2290378, 52.1707323], [21.2311348, 52.1692581], [21.2312314, 52.1690583], [21.2325668, 52.1682709], [21.2411883, 52.1637034], [21.2349627, 52.1588066], [21.2487517, 52.153036], [21.2471387, 52.1516416], [21.2557405, 52.1471717], [21.2620742, 52.1524619], [21.2625793, 52.1531019], [21.25405, 52.1573786], [21.2555531, 52.15865], [21.2565365, 52.1605737], [21.2603685, 52.1620232], [21.2612432, 52.1653839], [21.2631138, 52.1673823], [21.2676862, 52.1674483], [21.2676167, 52.1684102], [21.2707912, 52.1685378], [21.270317, 52.1695548], [21.2675262, 52.170125], [21.2673353, 52.1733167], [21.2695689, 52.1733596], [21.2699594, 52.1720427], [21.2711512, 52.1721505], [21.2710231, 52.1740099], [21.2700372, 52.1739435], [21.259765, 52.1825552], [21.2633792, 52.1839754], [21.2653835, 52.1860007], [21.2402289, 52.19588], [21.2380811, 52.1959204], [21.2338727, 52.1923431], [21.2319724, 52.1918449], [21.2313642, 52.1913496], [21.2311415, 52.1907671], [21.2312663, 52.1902997], [21.2309028, 52.1895651], [21.2305568, 52.1892839], [21.2307712, 52.1873434], [21.2282166, 52.185242], [21.2282344, 52.183007], [21.2277738, 52.1822288], [21.2266388, 52.1810845], [21.2254854, 52.1789661], [21.2252507, 52.1775475], [21.2255294, 52.1752631], [21.2242446, 52.1733106]]]}}, {"type": "Feature", "properties": {"name": "Anin"}, "geometry": {"type": "Polygon", "coordinates": [[[21.1466013, 52.2264002], [21.1662714, 52.2067059], [21.1672814, 52.2071749], [21.1665032, 52.2081114], [21.1673428, 52.2084221], [21.1679738, 52.2089665], [21.1708675, 52.2102089], [21.1762095, 52.2135528], [21.1841132, 52.2154888], [21.1875851, 52.216678], [21.1906833, 52.2169407], [21.1941215, 52.2175081], [21.1992673, 52.2190415], [21.2022865, 52.2194102], [21.2072821, 52.220642], [21.206983, 52.2226689], [21.2070803, 52.223959], [21.1906022, 52.2248726], [21.1466013, 52.2264002]]]}}, {"type": "Feature", "properties": {"name": "Sadul"}, "geometry": {"type": "Polygon", "coordinates": [[[21.1380318, 52.2125414], [21.1389119, 52.2127572], [21.1427168, 52.2118115], [21.1465066, 52.2102792], [21.1464728, 52.2067804], [21.1489835, 52.2054959], [21.1495048, 52.2047812], [21.1616705, 52.2084533], [21.1637127, 52.2092573], [21.1588053, 52.2141588], [21.1576046, 52.2139696], [21.138628, 52.2142112], [21.1385985, 52.2137071], [21.1380318, 52.2125414]]]}}, {"type": "Feature", "properties": {"name": "Wawer"}, "geometry": {"type": "Polygon", "coordinates": [[[21.1354257, 52.2300366], [21.1366596, 52.2289285], [21.1369399, 52.2281103], [21.1370981, 52.2265618], [21.137365, 52.2262283], [21.1399124, 52.2248667], [21.1405749, 52.2242399], [21.1404328, 52.2233395], [21.1394779, 52.2210259], [21.1383071, 52.2175407], [21.1388999, 52.2153484], [21.1389065, 52.2150975], [21.1386504, 52.214886], [21.138628, 52.2142112], [21.1576046, 52.2139696], [21.1588053, 52.2141588], [21.1466013, 52.2264002], [21.1453378, 52.2264854], [21.1439807, 52.2268206], [21.1357852, 52.2304128], [21.1354257, 52.2300366]]]}}, {"type": "Feature", "properties": {"name": "Falenica"}, "geometry": {"type": "Polygon", "coordinates": [[[21.1609259, 52.1483737], [21.1625121, 52.1467139], [21.1631209, 52.1457524], [21.1649579, 52.1447269], [21.1714229, 52.1454415], [21.1759238, 52.1467344], [21.1758534, 52.1484592], [21.1884023, 52.1505113], [21.1886233, 52.1494776], [21.2011486, 52.1506473], [21.2147367, 52.1521748], [21.2150705, 52.1518354], [21.2189825, 52.1533177], [21.2195387, 52.1538321], [21.2238999, 52.1554039], [21.2347234, 52.1589097], [21.2349627, 52.1588066], [21.2411883, 52.1637034], [21.2325668, 52.1682709], [21.2312314, 52.1690583], [21.2299929, 52.1701177], [21.2271251, 52.1718502], [21.2246844, 52.169787], [21.2122899, 52.1682934], [21.2120495, 52.1689517], [21.2051347, 52.1681288], [21.2092832, 52.1640425], [21.1899337, 52.1615327], [21.1902883, 52.1607166], [21.1911325, 52.1571425], [21.1822478, 52.1555543], [21.1757377, 52.1532618], [21.1697885, 52.151499], [21.1609259, 52.1483737]]]}}, {"type": "Feature", "properties": {"name": "Las"}, "geometry": {"type": "Polygon", "coordinates": [[[21.0923939, 52.2152055], [21.0952465, 52.2137749], [21.0991679, 52.2112228], [21.1007617, 52.20969], [21.1025151, 52.2073619], [21.1034769, 52.2055641], [21.1040892, 52.2040726], [21.1047154, 52.2015771], [21.1100138, 52.2020233], [21.1107712, 52.2022926], [21.1138382, 52.2018423], [21.1149577, 52.2018626], [21.1240812, 52.2038043], [21.1237525, 52.2039879], [21.1234096, 52.2051592], [21.1243174, 52.2077456], [21.1250609, 52.2127835], [21.1239107, 52.2137723], [21.1238933, 52.2144762], [21.1231082, 52.2163444], [21.1263072, 52.217611], [21.128655, 52.2198596], [21.1293697, 52.2194723], [21.1326635, 52.2224169], [21.1333421, 52.2253646], [21.1375997, 52.2249562], [21.1372755, 52.2261359], [21.136951, 52.2265475], [21.137095, 52.2265923], [21.1369399, 52.2281103], [21.1366596, 52.2289285], [21.1354257, 52.2300366], [21.1337844, 52.2309417], [21.1308535, 52.2317694], [21.1316588, 52.2322834], [21.1278272, 52.2339678], [21.1277143, 52.2336265], [21.1273802, 52.233333], [21.1261704, 52.2327791], [21.1249149, 52.2325213], [21.119377, 52.2324188], [21.0973634, 52.2182892], [21.0970401, 52.2184481], [21.0965233, 52.2180526], [21.0961611, 52.2173798], [21.0923939, 52.2152055]]]}}, {"type": "Feature", "properties": {"name": "Miedzeszyn"}, "geometry": {"type": "Polygon", "coordinates": [[[21.1662056, 52.1766458], [21.1677825, 52.1752931], [21.1687669, 52.1749154], [21.1694764, 52.174844], [21.1703675, 52.1740358], [21.1715607, 52.1732526], [21.1709735, 52.1730007], [21.1709521, 52.1723118], [21.1698268, 52.1722538], [21.1718098, 52.1705456], [21.1740647, 52.1702942], [21.1766693, 52.170342], [21.1814937, 52.1657106], [21.1831303, 52.1638702], [21.1841721, 52.1630023], [21.1847383, 52.1612838], [21.1855869, 52.1608456], [21.1864769, 52.1600137], [21.1869289, 52.1601284], [21.1872851, 52.1596289], [21.1875158, 52.1584055], [21.1883229, 52.1566177], [21.1911325, 52.1571425], [21.1902883, 52.1607166], [21.1899337, 52.1615327], [21.2092832, 52.1640425], [21.2051347, 52.1681288], [21.2120495, 52.1689517], [21.2122899, 52.1682934], [21.2246844, 52.169787], [21.2271251, 52.1718502], [21.2242446, 52.1733106], [21.2254066, 52.1749267], [21.2255351, 52.1755896], [21.2171905, 52.1756586], [21.2134108, 52.1789631], [21.2048418, 52.1791004], [21.2048577, 52.1794929], [21.20221, 52.1796984], [21.1927952, 52.1761626], [21.1890303, 52.176113], [21.1873707, 52.1759298], [21.1755189, 52.176447], [21.1662056, 52.1766458]]]}}, {"type": "Feature", "properties": {"name": "Międzylesie"}, "geometry": {"type": "Polygon", "coordinates": [[[21.1495048, 52.2047812], [21.149996, 52.2041555], [21.1539836, 52.202116], [21.1550615, 52.2001413], [21.1555194, 52.1967352], [21.1573588, 52.1929937], [21.1579436, 52.1921959], [21.1593729, 52.1935173], [21.1704356, 52.1955114], [21.1706751, 52.1933135], [21.1796783, 52.1932766], [21.1778269, 52.1951333], [21.1783043, 52.1952904], [21.1885322, 52.1951333], [21.1926451, 52.1947661], [21.1936639, 52.1947726], [21.1956444, 52.1952464], [21.1965728, 52.1953182], [21.1984246, 52.1951062], [21.2018163, 52.1950324], [21.2049878, 52.1946063], [21.2091883, 52.1948702], [21.21121, 52.1947364], [21.2149215, 52.1948346], [21.2191523, 52.1954299], [21.2201071, 52.1957834], [21.2200105, 52.1940279], [21.2249504, 52.1938887], [21.225535, 52.1972771], [21.2162827, 52.1974389], [21.2162071, 52.2000313], [21.2157099, 52.2006768], [21.2163734, 52.2010524], [21.2157807, 52.2019758], [21.215507, 52.2021052], [21.2164662, 52.2035315], [21.2166335, 52.2047411], [21.2184115, 52.2052535], [21.2158437, 52.2083127], [21.2146215, 52.2092669], [21.2152905, 52.2122196], [21.2132461, 52.2143831], [21.2121498, 52.2143009], [21.206531, 52.2204662], [21.2022865, 52.2194102], [21.1992673, 52.2190415], [21.1941215, 52.2175081], [21.1906833, 52.2169407], [21.1875851, 52.216678], [21.1841132, 52.2154888], [21.1762095, 52.2135528], [21.1708675, 52.2102089], [21.1679738, 52.2089665], [21.1673428, 52.2084221], [21.1665032, 52.2081114], [21.1672814, 52.2071749], [21.1662714, 52.2067059], [21.1637127, 52.2092573], [21.1616705, 52.2084533], [21.1495048, 52.2047812]]]}}, {"type": "Feature", "properties": {"name": "Nadwiśle"}, "geometry": {"type": "Polygon", "coordinates": [[[21.1206833, 52.1788293], [21.1229166, 52.1778039], [21.1293134, 52.1754425], [21.1315471, 52.1744605], [21.133994, 52.1731204], [21.1365927, 52.1713657], [21.1389452, 52.169291], [21.1409895, 52.166708], [21.1423594, 52.1640504], [21.1435693, 52.1592834], [21.1446658, 52.1574173], [21.1455201, 52.1564368], [21.1470773, 52.1550221], [21.1486355, 52.1539465], [21.1502251, 52.1530968], [21.1519681, 52.1523788], [21.1568314, 52.1507902], [21.159674, 52.1493549], [21.1609259, 52.1483737], [21.1697885, 52.151499], [21.1757377, 52.1532618], [21.1822478, 52.1555543], [21.1883229, 52.1566177], [21.1875158, 52.1584055], [21.1872851, 52.1596289], [21.1869289, 52.1601284], [21.1864769, 52.1600137], [21.1855869, 52.1608456], [21.1847383, 52.1612838], [21.1841721, 52.1630023], [21.1831303, 52.1638702], [21.1814937, 52.1657106], [21.1766693, 52.170342], [21.1740647, 52.1702942], [21.1718098, 52.1705456], [21.1698268, 52.1722538], [21.1709521, 52.1723118], [21.1709735, 52.1730007], [21.1715607, 52.1732526], [21.1703675, 52.1740358], [21.1694764, 52.174844], [21.1687669, 52.1749154], [21.1677825, 52.1752931], [21.1656419, 52.177076], [21.165588, 52.1802821], [21.162692, 52.1837853], [21.1630829, 52.1856525], [21.1600836, 52.1879143], [21.1566449, 52.1873479], [21.1408517, 52.1896433], [21.1402103, 52.1907039], [21.1391497, 52.19053], [21.140558, 52.1876577], [21.1401661, 52.1865914], [21.140093, 52.185908], [21.1405596, 52.1847726], [21.140811, 52.1846652], [21.1331959, 52.1842356], [21.1206833, 52.1788293]]]}}, {"type": "Feature", "properties": {"name": "Radość"}, "geometry": {"type": "Polygon", "coordinates": [[[21.1579436, 52.1921959], [21.1600836, 52.1879143], [21.1630829, 52.1856525], [21.162692, 52.1837853], [21.165588, 52.1802821], [21.1655545, 52.1772296], [21.1662056, 52.1766458], [21.1755189, 52.176447], [21.1873707, 52.1759298], [21.1890303, 52.176113], [21.1927952, 52.1761626], [21.20221, 52.1796984], [21.2048577, 52.1794929], [21.2048418, 52.1791004], [21.2134108, 52.1789631], [21.2171905, 52.1756586], [21.2255351, 52.1755896], [21.2252507, 52.1775475], [21.2254854, 52.1789661], [21.2266388, 52.1810845], [21.2277738, 52.1822288], [21.2282344, 52.183007], [21.2282166, 52.185242], [21.2307712, 52.1873434], [21.2305568, 52.1892839], [21.2309028, 52.1895651], [21.2312663, 52.1902997], [21.2311415, 52.1907671], [21.2313642, 52.1913496], [21.2319724, 52.1918449], [21.2338727, 52.1923431], [21.2380811, 52.1959204], [21.2402289, 52.19588], [21.2387597, 52.1966803], [21.2388073, 52.1970449], [21.225535, 52.1972771], [21.2249504, 52.1938887], [21.2200105, 52.1940279], [21.2201071, 52.1957834], [21.2185617, 52.1953232], [21.213091, 52.19473], [21.2091883, 52.1948702], [21.2049878, 52.1946063], [21.2018163, 52.1950324], [21.1984246, 52.1951062], [21.196447, 52.1953211], [21.1936639, 52.1947726], [21.1881004, 52.1951445], [21.1783043, 52.1952904], [21.1778269, 52.1951333], [21.1796783, 52.1932766], [21.1790904, 52.1932091], [21.1706751, 52.1933135], [21.1704356, 52.1955114], [21.1593729, 52.1935173], [21.1579436, 52.1921959]]]}}, {"type": "Feature", "properties": {"name": "Zerzeń"}, "geometry": {"type": "Polygon", "coordinates": [[[21.1047154, 52.2015771], [21.1046613, 52.1977028], [21.104912, 52.1945223], [21.1083902, 52.1890633], [21.1102234, 52.1867635], [21.1122407, 52.1846708], [21.1147174, 52.1825211], [21.1168889, 52.1809744], [21.1206833, 52.1788293], [21.1331959, 52.1842356], [21.140811, 52.1846652], [21.1405596, 52.1847726], [21.140093, 52.185908], [21.1401661, 52.1865914], [21.140558, 52.1876577], [21.1391497, 52.19053], [21.1402103, 52.1907039], [21.1408517, 52.1896433], [21.1566449, 52.1873479], [21.1600836, 52.1879143], [21.1555194, 52.1967352], [21.1550615, 52.2001413], [21.1539836, 52.202116], [21.149996, 52.2041555], [21.1489835, 52.2054959], [21.1464728, 52.2067804], [21.1465066, 52.2102792], [21.1427168, 52.2118115], [21.1389119, 52.2127572], [21.1380318, 52.2125414], [21.1385985, 52.2137071], [21.1386504, 52.214886], [21.1389065, 52.2150975], [21.1383071, 52.2175407], [21.1394779, 52.2210259], [21.1404328, 52.2233395], [21.1405749, 52.2242399], [21.1399124, 52.2248667], [21.1374696, 52.2261495], [21.137095, 52.2265923], [21.136951, 52.2265475], [21.1372755, 52.2261359], [21.1375997, 52.2249562], [21.1333421, 52.2253646], [21.1326635, 52.2224169], [21.1293697, 52.2194723], [21.128655, 52.2198596], [21.1263072, 52.217611], [21.1231082, 52.2163444], [21.1238933, 52.2144762], [21.1239107, 52.2137723], [21.1250609, 52.2127835], [21.1243174, 52.2077456], [21.1234096, 52.2051592], [21.1237525, 52.2039879], [21.1241486, 52.2038294], [21.1149577, 52.2018626], [21.1138382, 52.2018423], [21.1107712, 52.2022926], [21.1100138, 52.2020233], [21.1047154, 52.2015771]]]}}, {"type": "Feature", "properties": {"name": "Kawęczyn-Wygoda"}, "geometry": {"type": "Polygon", "coordinates": [[[21.1078749, 52.274346], [21.1097415, 52.2706583], [21.1087373, 52.2704079], [21.1090399, 52.2684241], [21.1078447, 52.268278], [21.1107702, 52.2596481], [21.1151933, 52.2594454], [21.1150705, 52.2573319], [21.1147438, 52.2567966], [21.1212571, 52.2520121], [21.1322885, 52.243344], [21.1323311, 52.2431391], [21.1316784, 52.2417092], [21.1303051, 52.2406746], [21.1310697, 52.2403008], [21.1308819, 52.2398844], [21.13264, 52.2390592], [21.1374246, 52.2427711], [21.1381911, 52.2431659], [21.1389123, 52.2431904], [21.1376204, 52.2459445], [21.1376299, 52.2475188], [21.1418228, 52.2579084], [21.1436408, 52.2618332], [21.1445493, 52.2641787], [21.1447445, 52.2651988], [21.1445067, 52.2669263], [21.1418726, 52.2785083], [21.1078749, 52.274346]]]}}, {"type": "Feature", "properties": {"name": "Stara Miłosna"}, "geometry": {"type": "Polygon", "coordinates": [[[21.206531, 52.2204662], [21.2121498, 52.2143009], [21.2132461, 52.2143831], [21.2152905, 52.2122196], [21.2146215, 52.2092669], [21.2158437, 52.2083127], [21.2184115, 52.2052535], [21.2166335, 52.2047411], [21.2164662, 52.2035315], [21.215507, 52.2021052], [21.2157807, 52.2019758], [21.2163734, 52.2010524], [21.2157099, 52.2006768], [21.2162071, 52.2000313], [21.2162827, 52.1974389], [21.2388073, 52.1970449], [21.2387597, 52.1966803], [21.2402289, 52.19588], [21.2429848, 52.1983838], [21.2430056, 52.1993298], [21.2451649, 52.2003041], [21.2457331, 52.2008629], [21.2509495, 52.2024936], [21.2485905, 52.2042334], [21.2482352, 52.20598], [21.2490897, 52.2069595], [21.2541429, 52.2094346], [21.2598216, 52.2098999], [21.2612073, 52.2098553], [21.2617274, 52.2100733], [21.2506625, 52.2220526], [21.2503208, 52.2224848], [21.2504899, 52.2225607], [21.2494574, 52.2225582], [21.2504281, 52.2319276], [21.2487524, 52.2305036], [21.2449676, 52.2303409], [21.2422585, 52.2297659], [21.2411535, 52.2293273], [21.2385356, 52.2290217], [21.2331149, 52.2289839], [21.2315458, 52.2287769], [21.231299, 52.2290414], [21.2305681, 52.2288205], [21.2298265, 52.229154], [21.2296307, 52.2293963], [21.2240195, 52.2293979], [21.2152809, 52.2296854], [21.2122634, 52.2297988], [21.2119049, 52.2300091], [21.2073258, 52.2276331], [21.206983, 52.2226689], [21.2072821, 52.220642], [21.206531, 52.2204662]]]}}, {"type": "Feature", "properties": {"name": "Groszówka"}, "geometry": {"type": "Polygon", "coordinates": [[[21.2073992, 52.2448639], [21.2101686, 52.2368017], [21.2125719, 52.23669], [21.2142938, 52.2314219], [21.2119049, 52.2300091], [21.2122634, 52.2297988], [21.2240195, 52.2293979], [21.2296307, 52.2293963], [21.2298265, 52.229154], [21.2305681, 52.2288205], [21.231299, 52.2290414], [21.2315458, 52.2287769], [21.2331149, 52.2289839], [21.2385356, 52.2290217], [21.2411535, 52.2293273], [21.2422585, 52.2297659], [21.2449676, 52.2303409], [21.2487524, 52.2305036], [21.2543814, 52.2352734], [21.2547692, 52.2387333], [21.2521285, 52.2381235], [21.2487816, 52.2366022], [21.2464646, 52.236227], [21.2439746, 52.2360234], [21.2394668, 52.236256], [21.2382563, 52.2433816], [21.2336674, 52.2443848], [21.2328038, 52.2444522], [21.2322941, 52.2446345], [21.2322754, 52.2449498], [21.2283191, 52.2459007], [21.2117484, 52.2467924], [21.2095249, 52.2471291], [21.209498, 52.2468926], [21.2067407, 52.2470469], [21.2073992, 52.2448639]]]}}, {"type": "Feature", "properties": {"name": "Wola Grzybowska"}, "geometry": {"type": "Polygon", "coordinates": [[[21.2308377, 52.2452963], [21.2322754, 52.2449498], [21.2322941, 52.2446345], [21.2328038, 52.2444522], [21.2336674, 52.2443848], [21.2382563, 52.2433816], [21.2379493, 52.2450274], [21.2537169, 52.2457622], [21.2545834, 52.2526825], [21.2331551, 52.2537007], [21.2324738, 52.2478976], [21.2319374, 52.2459762], [21.2308377, 52.2452963]]]}}, {"type": "Feature", "properties": {"name": "Wesoła-Centrum"}, "geometry": {"type": "Polygon", "coordinates": [[[21.2095249, 52.2471291], [21.2117484, 52.2467924], [21.2283191, 52.2459007], [21.2308377, 52.2452963], [21.2319374, 52.2459762], [21.2324738, 52.2478976], [21.2331551, 52.2537007], [21.2108231, 52.2547679], [21.2104529, 52.2532672], [21.2095249, 52.2471291]]]}}, {"type": "Feature", "properties": {"name": "Zielona-Grzybowa"}, "geometry": {"type": "Polygon", "coordinates": [[[21.1766771, 52.2450352], [21.1810737, 52.2417169], [21.1840346, 52.239761], [21.1969876, 52.2345509], [21.1979921, 52.2344371], [21.2009173, 52.2347407], [21.2051618, 52.2338358], [21.2071231, 52.2331592], [21.2119049, 52.2300091], [21.2142938, 52.2314219], [21.2125719, 52.23669], [21.2101686, 52.2368017], [21.206848, 52.2463539], [21.2067407, 52.2470469], [21.209498, 52.2468926], [21.2104529, 52.2532672], [21.2108231, 52.2547679], [21.1906017, 52.2556734], [21.1913392, 52.2499304], [21.1903899, 52.2496611], [21.1888908, 52.2522983], [21.1869559, 52.2517735], [21.1869705, 52.2503986], [21.1829071, 52.2495062], [21.1844382, 52.2469352], [21.184199, 52.2467813], [21.1844366, 52.2466046], [21.1841037, 52.2463159], [21.1810585, 52.2457168], [21.1767798, 52.2452047], [21.1766771, 52.2450352]]]}}, {"type": "Feature", "properties": {"name": "Plac Wojska Polskiego"}, "geometry": {"type": "Polygon", "coordinates": [[[21.1904832, 52.2561751], [21.1906017, 52.2556734], [21.2545834, 52.2526825], [21.2546444, 52.2531691], [21.2524298, 52.2532707], [21.2504688, 52.2626919], [21.1904832, 52.2561751]]]}}, {"type": "Feature", "properties": {"name": "Utrata"}, "geometry": {"type": "Polygon", "coordinates": [[[21.0884582, 52.260545], [21.1107702, 52.2596481], [21.1078447, 52.268278], [21.1090399, 52.2684241], [21.1087373, 52.2704079], [21.1097415, 52.2706583], [21.1078749, 52.274346], [21.1050091, 52.2739945], [21.1041477, 52.2759422], [21.1023037, 52.2725785], [21.1014594, 52.2717233], [21.0959716, 52.2692613], [21.0949281, 52.2685634], [21.0946758, 52.2678175], [21.0949351, 52.2670838], [21.0952723, 52.2667382], [21.0967141, 52.2660299], [21.0886279, 52.2626484], [21.0884975, 52.2624586], [21.0884582, 52.260545]]]}}, {"type": "Feature", "properties": {"name": "Elsnerów"}, "geometry": {"type": "Polygon", "coordinates": [[[21.074939, 52.2749535], [21.0775668, 52.2728736], [21.0798774, 52.2719798], [21.0807727, 52.2709767], [21.0810896, 52.269705], [21.0814477, 52.2693013], [21.0825034, 52.2689828], [21.0839579, 52.2688352], [21.0885625, 52.2694314], [21.0902573, 52.2699315], [21.0908163, 52.2704813], [21.0936854, 52.2700881], [21.0959716, 52.2692613], [21.1014594, 52.2717233], [21.1023037, 52.2725785], [21.1041477, 52.2759422], [21.1002832, 52.2847835], [21.0991361, 52.2862175], [21.0809834, 52.2783123], [21.0764752, 52.2760164], [21.074939, 52.2749535]]]}}, {"type": "Feature", "properties": {"name": "Targówek Fabryczny"}, "geometry": {"type": "Polygon", "coordinates": [[[21.0551556, 52.2634327], [21.0555708, 52.2633233], [21.0560275, 52.2634923], [21.0564153, 52.2634335], [21.0674601, 52.260425], [21.0739717, 52.2589765], [21.0823717, 52.2601577], [21.0884582, 52.260545], [21.0884975, 52.2624586], [21.0886279, 52.2626484], [21.0967141, 52.2660299], [21.0952723, 52.2667382], [21.0947106, 52.2674294], [21.0947121, 52.2682007], [21.0949281, 52.2685634], [21.0959716, 52.2692613], [21.0936854, 52.2700881], [21.0908163, 52.2704813], [21.0902573, 52.2699315], [21.0885625, 52.2694314], [21.0839579, 52.2688352], [21.0825034, 52.2689828], [21.0814477, 52.2693013], [21.0810896, 52.269705], [21.0807727, 52.2709767], [21.0798774, 52.2719798], [21.0775668, 52.2728736], [21.074939, 52.2749535], [21.0699987, 52.2710152], [21.0654496, 52.2680727], [21.0551556, 52.2634327]]]}}, {"type": "Feature", "properties": {"name": "Targówek Mieszkaniowy"}, "geometry": {"type": "Polygon", "coordinates": [[[21.0368821, 52.2685532], [21.0379687, 52.2682597], [21.0382715, 52.2680051], [21.0439403, 52.2666673], [21.0551556, 52.2634327], [21.0654496, 52.2680727], [21.0699987, 52.2710152], [21.0689233, 52.2724312], [21.0654739, 52.2751942], [21.0637698, 52.2759786], [21.0543598, 52.2787967], [21.0538658, 52.2802766], [21.0519806, 52.2840284], [21.0510252, 52.2847721], [21.0499805, 52.2861559], [21.0492418, 52.2865087], [21.0481205, 52.2866479], [21.0461958, 52.2809822], [21.0455481, 52.2797682], [21.0437945, 52.2777714], [21.0430499, 52.2765727], [21.0421206, 52.2766422], [21.0419509, 52.2760652], [21.0357037, 52.2743347], [21.0320158, 52.2734938], [21.0370162, 52.2687533], [21.0368821, 52.2685532]]]}}, {"type": "Feature", "properties": {"name": "Zacisze"}, "geometry": {"type": "Polygon", "coordinates": [[[21.0481205, 52.2866479], [21.0492418, 52.2865087], [21.0499805, 52.2861559], [21.0510252, 52.2847721], [21.0519806, 52.2840284], [21.0538658, 52.2802766], [21.0543598, 52.2787967], [21.0637698, 52.2759786], [21.0654739, 52.2751942], [21.0689233, 52.2724312], [21.0699987, 52.2710152], [21.0755975, 52.2754667], [21.0785698, 52.2771767], [21.0991361, 52.2862175], [21.098925, 52.2864846], [21.0980905, 52.2861418], [21.0958373, 52.2862598], [21.0949168, 52.288097], [21.0952012, 52.2881613], [21.0877959, 52.2955571], [21.0875736, 52.2955137], [21.0855082, 52.2992832], [21.0811683, 52.2940097], [21.0788066, 52.2936002], [21.073399, 52.2922888], [21.0686389, 52.291463], [21.0672586, 52.2918387], [21.0574007, 52.2922801], [21.055063, 52.2923696], [21.05176, 52.2921762], [21.0512619, 52.2915266], [21.0497038, 52.2904255], [21.048587, 52.2892655], [21.0482594, 52.2884116], [21.0481205, 52.2866479]]]}}, {"type": "Feature", "properties": {"name": "Bródno-Podgrodzie"}, "geometry": {"type": "Polygon", "coordinates": [[[21.0341346, 52.300671], [21.0343471, 52.3001709], [21.0351271, 52.2996029], [21.0410185, 52.2998392], [21.0426924, 52.299772], [21.0422477, 52.2953054], [21.041641, 52.2925004], [21.0483852, 52.2919717], [21.05593, 52.2923397], [21.0671227, 52.2918483], [21.0686389, 52.291463], [21.073399, 52.2922888], [21.0788066, 52.2936002], [21.0811683, 52.2940097], [21.0855082, 52.2992832], [21.0835702, 52.3028548], [21.0855129, 52.3032476], [21.0834276, 52.3077712], [21.06701, 52.3077386], [21.0622904, 52.3073359], [21.062015, 52.3083849], [21.0608473, 52.3081326], [21.0612469, 52.3080623], [21.060377, 52.3069378], [21.0517034, 52.3048635], [21.051752, 52.3050838], [21.0341346, 52.300671]]]}}, {"type": "Feature", "properties": {"name": "Bródno"}, "geometry": {"type": "Polygon", "coordinates": [[[21.0131253, 52.2948505], [21.0137553, 52.2938438], [21.0140289, 52.2932017], [21.0138451, 52.2931677], [21.0156122, 52.2895065], [21.0211321, 52.2797789], [21.0247416, 52.2738109], [21.0257617, 52.2726089], [21.0271196, 52.2717687], [21.0282422, 52.2713954], [21.0314271, 52.2709345], [21.0327257, 52.2705252], [21.0368821, 52.2685532], [21.0370162, 52.2687533], [21.0320158, 52.2734938], [21.0357037, 52.2743347], [21.0419509, 52.2760652], [21.0421206, 52.2766422], [21.0430499, 52.2765727], [21.0437945, 52.2777714], [21.0455481, 52.2797682], [21.0463079, 52.2812056], [21.0480943, 52.2864293], [21.0482594, 52.2884116], [21.048587, 52.2892655], [21.0497038, 52.2904255], [21.0512619, 52.2915266], [21.05176, 52.2921762], [21.0483852, 52.2919717], [21.041641, 52.2925004], [21.0422477, 52.2953054], [21.0426924, 52.299772], [21.0410185, 52.2998392], [21.0351271, 52.2996029], [21.0343471, 52.3001709], [21.0341346, 52.300671], [21.0329135, 52.3003431], [21.0327159, 52.3003911], [21.032259, 52.3009933], [21.0308989, 52.3006376], [21.0311283, 52.2998815], [21.0301132, 52.2995704], [21.0243191, 52.2982118], [21.0235781, 52.2988367], [21.0227367, 52.2985656], [21.023185, 52.2978314], [21.0230853, 52.2976744], [21.0179921, 52.2959041], [21.0171291, 52.2969153], [21.0160083, 52.2966151], [21.0150301, 52.2973821], [21.014612, 52.2979369], [21.0130229, 52.2974868], [21.0132544, 52.2966355], [21.0130654, 52.295854], [21.0125846, 52.2957206], [21.0131253, 52.2948505]]]}}, {"type": "Feature", "properties": {"name": "Grodzisk"}, "geometry": {"type": "Polygon", "coordinates": [[[21.0472061, 52.3320007], [21.0471327, 52.3311933], [21.0472511, 52.3306442], [21.0486143, 52.3255544], [21.0483411, 52.3238604], [21.0487051, 52.3233014], [21.0493531, 52.3228558], [21.0492828, 52.3225042], [21.0498155, 52.3196502], [21.0505807, 52.3175302], [21.0507577, 52.3149959], [21.0518849, 52.3126131], [21.0520414, 52.3119924], [21.0520332, 52.307373], [21.051575, 52.3050405], [21.051752, 52.3050838], [21.0517034, 52.3048635], [21.060377, 52.3069378], [21.0612469, 52.3080623], [21.0608473, 52.3081326], [21.062015, 52.3083849], [21.0622904, 52.3073359], [21.06701, 52.3077386], [21.0834276, 52.3077712], [21.0828283, 52.3090565], [21.0820196, 52.3113365], [21.0821201, 52.3114355], [21.077784, 52.3219659], [21.0895164, 52.3237659], [21.0860413, 52.3319736], [21.0877646, 52.3322995], [21.0875156, 52.3328634], [21.086677, 52.3327395], [21.085996, 52.3340275], [21.0857287, 52.3346014], [21.0852024, 52.3374025], [21.082453, 52.3373499], [21.0808788, 52.3431249], [21.0475838, 52.3400697], [21.0476063, 52.3389908], [21.0467387, 52.3371638], [21.0473514, 52.3356065], [21.0472061, 52.3320007]]]}}, {"type": "Feature", "properties": {"name": "Brzeziny"}, "geometry": {"type": "Polygon", "coordinates": [[[21.0208093, 52.3089071], [21.0266342, 52.301538], [21.0296542, 52.3021995], [21.0294054, 52.3015815], [21.0274066, 52.2989156], [21.0311283, 52.2998815], [21.0308989, 52.3006376], [21.032259, 52.3009933], [21.0327159, 52.3003911], [21.0329135, 52.3003431], [21.051575, 52.3050405], [21.0520332, 52.307373], [21.0520414, 52.3119924], [21.0518849, 52.3126131], [21.0507577, 52.3149959], [21.0505807, 52.3175302], [21.0498155, 52.3196502], [21.0492828, 52.3225042], [21.0493531, 52.3228558], [21.0487051, 52.3233014], [21.0483411, 52.3238604], [21.0486143, 52.3255544], [21.0471327, 52.3311933], [21.0473514, 52.3356065], [21.0467387, 52.3371638], [21.0476063, 52.3389908], [21.0475838, 52.3400697], [21.0406934, 52.3392905], [21.0403092, 52.3394546], [21.0399502, 52.3403731], [21.0396358, 52.3404463], [21.0340775, 52.3398751], [21.0323161, 52.3398968], [21.031658, 52.3394939], [21.0288626, 52.3393562], [21.0297187, 52.3340694], [21.0306718, 52.3299713], [21.0292831, 52.3280346], [21.0276792, 52.3250231], [21.0260718, 52.3226337], [21.0238333, 52.3207276], [21.0214104, 52.3194487], [21.0225933, 52.3181896], [21.0226892, 52.3175646], [21.0225683, 52.3168522], [21.0238767, 52.3091062], [21.0208093, 52.3089071]]]}}, {"type": "Feature", "properties": {"name": "Żerań"}, "geometry": {"type": "Polygon", "coordinates": [[[20.951638, 52.307784], [20.9532944, 52.3060034], [20.955116, 52.3034455], [20.9563815, 52.3021807], [20.9590227, 52.3003936], [20.9624357, 52.2986315], [20.966309, 52.2970863], [20.9700406, 52.2959608], [20.9739553, 52.2950999], [20.9805639, 52.2940128], [20.985741, 52.2926386], [20.9885785, 52.2916055], [20.9912456, 52.2904138], [20.9937187, 52.2890742], [20.9957619, 52.2877505], [20.9973455, 52.2884737], [20.997009, 52.2887101], [20.9971071, 52.2894291], [20.9987951, 52.290337], [20.998825, 52.291739], [20.9983411, 52.2921388], [20.9990765, 52.2928204], [20.9988867, 52.2930243], [20.9992004, 52.2931564], [21.000584, 52.2932997], [21.0028265, 52.2913789], [21.0043947, 52.2920213], [21.0047315, 52.2916226], [21.0056988, 52.2917315], [21.0115004, 52.2935524], [21.012423, 52.2940275], [21.0131253, 52.2948505], [21.0125846, 52.2957206], [21.0130654, 52.295854], [21.0132544, 52.2966355], [21.0130229, 52.2974868], [21.014612, 52.2979369], [21.0150301, 52.2973821], [21.0160083, 52.2966151], [21.0171291, 52.2969153], [21.0179921, 52.2959041], [21.0230853, 52.2976744], [21.023185, 52.2978314], [21.0227367, 52.2985656], [21.0235781, 52.2988367], [21.0243191, 52.2982118], [21.0274066, 52.2989156], [21.0294054, 52.3015815], [21.0296542, 52.3021995], [21.0266342, 52.301538], [21.0208093, 52.3089071], [21.0238767, 52.3091062], [21.0225683, 52.3168522], [21.0226892, 52.3175646], [21.0225933, 52.3181896], [21.0214104, 52.3194487], [21.0238333, 52.3207276], [21.0260718, 52.3226337], [21.0276792, 52.3250231], [21.0292831, 52.3280346], [21.0286459, 52.3283633], [21.0267558, 52.3284392], [21.0162085, 52.3278354], [21.014953, 52.3279235], [21.000609, 52.3270667], [20.9946339, 52.3261282], [20.9913322, 52.3252842], [20.9924943, 52.3234538], [20.9755553, 52.3158866], [20.9758619, 52.3154521], [20.9652443, 52.3128583], [20.9657234, 52.3127033], [20.9642438, 52.3116991], [20.9557422, 52.308687], [20.951638, 52.307784]]]}}, {"type": "Feature", "properties": {"name": "Kobiałka"}, "geometry": {"type": "Polygon", "coordinates": [[[21.0281525, 52.3644597], [21.0277691, 52.3625322], [21.028921, 52.3579415], [21.0282726, 52.3542284], [21.029175, 52.3523495], [21.0293556, 52.3515979], [21.0284195, 52.3445846], [21.0285226, 52.3417416], [21.0288626, 52.3393562], [21.031658, 52.3394939], [21.0323161, 52.3398968], [21.0340775, 52.3398751], [21.0396358, 52.3404463], [21.0399502, 52.3403731], [21.0403092, 52.3394546], [21.0406934, 52.3392905], [21.044317, 52.3397817], [21.0858974, 52.3435134], [21.0816998, 52.3541398], [21.0786595, 52.3536633], [21.0762346, 52.3593014], [21.0771067, 52.3594388], [21.0738087, 52.3672883], [21.0659794, 52.3660104], [21.0660352, 52.3661799], [21.063705, 52.3655857], [21.061263, 52.3658247], [21.0606487, 52.3625502], [21.0539696, 52.3630639], [21.0492175, 52.3616987], [21.0486286, 52.3636262], [21.044568, 52.3640013], [21.0408435, 52.3628231], [21.030674, 52.3616041], [21.0281525, 52.3644597]]]}}, {"type": "Feature", "properties": {"name": "Szamocin"}, "geometry": {"type": "Polygon", "coordinates": [[[21.0128632, 52.3500933], [21.0130044, 52.3449027], [21.013296, 52.3431974], [21.0131181, 52.342336], [21.0131418, 52.3412379], [21.0134334, 52.3387932], [21.013744, 52.3383604], [21.0140095, 52.3353158], [21.0141006, 52.3348764], [21.0144552, 52.3343833], [21.0142299, 52.3342656], [21.0140923, 52.3322713], [21.0142511, 52.3319444], [21.0142938, 52.3310017], [21.0145095, 52.3307533], [21.0144715, 52.3299835], [21.0147011, 52.3287666], [21.0150475, 52.3281091], [21.014953, 52.3279235], [21.0162085, 52.3278354], [21.0267558, 52.3284392], [21.0286459, 52.3283633], [21.0292831, 52.3280346], [21.0304969, 52.3296175], [21.0306842, 52.3302592], [21.0297187, 52.3340694], [21.0285226, 52.3417416], [21.0284195, 52.3445846], [21.0293556, 52.3515979], [21.029175, 52.3523495], [21.0282726, 52.3542284], [21.0289081, 52.3581435], [21.0277691, 52.3625322], [21.0281525, 52.3644597], [21.0275749, 52.3651292], [21.0266704, 52.3645283], [21.0252516, 52.3632491], [21.0252126, 52.3618561], [21.0248627, 52.3609037], [21.0241823, 52.3598822], [21.0233445, 52.3574076], [21.0210171, 52.3564915], [21.0206887, 52.3569547], [21.013416, 52.3560796], [21.0133225, 52.352716], [21.0134837, 52.3514682], [21.0128632, 52.3500933]]]}}, {"type": "Feature", "properties": {"name": "Białołęka Dworska"}, "geometry": {"type": "Polygon", "coordinates": [[[20.9778211, 52.348248], [20.9870835, 52.3320688], [20.9913322, 52.3252842], [20.9946339, 52.3261282], [21.000609, 52.3270667], [21.014953, 52.3279235], [21.0150475, 52.3281091], [21.0147011, 52.3287666], [21.0144715, 52.3299835], [21.0145095, 52.3307533], [21.0142938, 52.3310017], [21.0142511, 52.3319444], [21.0140923, 52.3322713], [21.0142299, 52.3342656], [21.0144552, 52.3343833], [21.0141006, 52.3348764], [21.0140095, 52.3353158], [21.013744, 52.3383604], [21.0134334, 52.3387932], [21.0131157, 52.3416809], [21.013296, 52.3431974], [21.0130044, 52.3449027], [21.0127792, 52.3499358], [21.0134837, 52.3514682], [21.0133225, 52.352716], [21.0134859, 52.3565048], [21.0133272, 52.3568668], [21.0094879, 52.3567963], [21.0087791, 52.3570342], [21.0080694, 52.3582501], [21.0082206, 52.3601628], [21.0056654, 52.3641038], [20.9999789, 52.3632862], [20.9992236, 52.3630272], [20.9989408, 52.3610487], [20.9993025, 52.3604027], [20.9989537, 52.3592133], [20.9978036, 52.356872], [20.996271, 52.3544555], [20.9959509, 52.3536316], [20.9901951, 52.3553823], [20.9894308, 52.3537403], [20.9848661, 52.3513429], [20.9778211, 52.348248]]]}}, {"type": "Feature", "properties": {"name": "Henryków"}, "geometry": {"type": "Polygon", "coordinates": [[[20.9616067, 52.3348842], [20.9656415, 52.3314759], [20.9697526, 52.3244067], [20.9751469, 52.3166902], [20.9755553, 52.3158866], [20.9924943, 52.3234538], [20.9873588, 52.3316016], [20.977409, 52.3489845], [20.9770415, 52.3487417], [20.9722365, 52.3425413], [20.9616067, 52.3348842]]]}}, {"type": "Feature", "properties": {"name": "Tarchomin"}, "geometry": {"type": "Polygon", "coordinates": [[[20.9350149, 52.3158529], [20.937339, 52.3147444], [20.9420868, 52.3131588], [20.9457161, 52.3116227], [20.94749, 52.310654], [20.951638, 52.307784], [20.9557422, 52.308687], [20.9642438, 52.3116991], [20.9657234, 52.3127033], [20.9652443, 52.3128583], [20.9758619, 52.3154521], [20.9751469, 52.3166902], [20.9697526, 52.3244067], [20.9656415, 52.3314759], [20.9616067, 52.3348842], [20.9487283, 52.3256183], [20.9474445, 52.3249093], [20.9408557, 52.3201843], [20.9409967, 52.3200865], [20.94074, 52.3198992], [20.9350149, 52.3158529]]]}}, {"type": "Feature", "properties": {"name": "Dąbrówka Szlachecka"}, "geometry": {"type": "Polygon", "coordinates": [[[20.9443595, 52.3519718], [20.9520451, 52.3430811], [20.9616067, 52.3348842], [20.9722365, 52.3425413], [20.971562, 52.3430422], [20.9701277, 52.3448892], [20.9668931, 52.3474417], [20.9661653, 52.3472203], [20.9655041, 52.3474679], [20.9649532, 52.347983], [20.9515379, 52.3554151], [20.9492476, 52.3561682], [20.9485034, 52.3553775], [20.9487744, 52.3550748], [20.9483624, 52.3550033], [20.9459759, 52.3529048], [20.9443595, 52.3519718]]]}}, {"type": "Feature", "properties": {"name": "Choszczówka"}, "geometry": {"type": "Polygon", "coordinates": [[[20.9390309, 52.3583043], [20.9443595, 52.3519718], [20.9459759, 52.3529048], [20.9483624, 52.3550033], [20.9487744, 52.3550748], [20.9485034, 52.3553775], [20.9492476, 52.3561682], [20.9515379, 52.3554151], [20.9649532, 52.347983], [20.9655041, 52.3474679], [20.9661653, 52.3472203], [20.9668931, 52.3474417], [20.9701277, 52.3448892], [20.971562, 52.3430422], [20.9722365, 52.3425413], [20.9771295, 52.3488338], [20.977409, 52.3489845], [20.9778211, 52.348248], [20.9848661, 52.3513429], [20.9894308, 52.3537403], [20.9901951, 52.3553823], [20.9959509, 52.3536316], [20.996271, 52.3544555], [20.9978036, 52.356872], [20.9989537, 52.3592133], [20.9993025, 52.3604027], [20.9989408, 52.3610487], [20.9992236, 52.3630272], [20.9985903, 52.3626628], [20.994668, 52.3618295], [20.9919343, 52.362774], [20.9781299, 52.3589788], [20.9712735, 52.3589815], [20.9661016, 52.3681531], [20.9542357, 52.3678606], [20.9542594, 52.3676793], [20.9535342, 52.3677632], [20.9532211, 52.3676073], [20.9525227, 52.3664337], [20.9498028, 52.3663974], [20.9448909, 52.3666969], [20.9451611, 52.366219], [20.9439878, 52.3659747], [20.9436208, 52.3663596], [20.9409535, 52.363773], [20.9392904, 52.3617696], [20.9350882, 52.3632403], [20.939195, 52.3583559], [20.9390309, 52.3583043]]]}}, {"type": "Feature", "properties": {"name": "Nowodwory"}, "geometry": {"type": "Polygon", "coordinates": [[[20.915136, 52.3540304], [20.912429, 52.3529758], [20.9140743, 52.3514808], [20.9183243, 52.3480659], [20.9211283, 52.3460853], [20.9226315, 52.3447667], [20.9237163, 52.3436611], [20.9250959, 52.3410356], [20.9256622, 52.3390115], [20.9258335, 52.33697], [20.9250156, 52.3280261], [20.925209, 52.3266389], [20.9257305, 52.3247503], [20.926579, 52.3230793], [20.9277821, 52.3213583], [20.9294216, 52.3195875], [20.9310331, 52.318201], [20.9350149, 52.3158529], [20.94074, 52.3198992], [20.9409967, 52.3200865], [20.9408557, 52.3201843], [20.9474445, 52.3249093], [20.9487283, 52.3256183], [20.9616067, 52.3348842], [20.9520451, 52.3430811], [20.9390309, 52.3583043], [20.938499, 52.3581135], [20.93592, 52.3589097], [20.9339728, 52.3597683], [20.9309265, 52.357937], [20.9292689, 52.358941], [20.9274905, 52.3594681], [20.9263431, 52.3596268], [20.924082, 52.3595777], [20.9229716, 52.3570414], [20.915136, 52.3540304]]]}}, {"type": "Feature", "properties": {"name": "Sielce"}, "geometry": {"type": "Polygon", "coordinates": [[[21.0250121, 52.1995186], [21.0270506, 52.1990813], [21.0270559, 52.1984467], [21.0285526, 52.1982067], [21.0289818, 52.1977858], [21.0288959, 52.1972959], [21.0284561, 52.1967863], [21.0294431, 52.1961582], [21.0297435, 52.1953592], [21.0295826, 52.194912], [21.0291749, 52.1946127], [21.0291052, 52.194228], [21.0288369, 52.1920708], [21.0288906, 52.1901273], [21.0293734, 52.188552], [21.0299205, 52.1882396], [21.0303712, 52.1884632], [21.0356283, 52.1890486], [21.0383266, 52.1900582], [21.0441041, 52.1916959], [21.0459387, 52.1920643], [21.0478055, 52.1922155], [21.0502088, 52.1959412], [21.0519951, 52.1977562], [21.0512763, 52.1986868], [21.0498612, 52.2020596], [21.0473596, 52.2113699], [21.0450616, 52.2101737], [21.0449395, 52.2098584], [21.044661, 52.2096875], [21.0362704, 52.2095855], [21.0348819, 52.2068618], [21.0328116, 52.206996], [21.0298364, 52.2068418], [21.028584, 52.2072109], [21.0272171, 52.2082552], [21.0266912, 52.2081584], [21.0263854, 52.20709], [21.0259294, 52.2066758], [21.0248351, 52.206735], [21.0243094, 52.2065542], [21.0242021, 52.2063635], [21.0244435, 52.2059986], [21.0261225, 52.2055581], [21.0262888, 52.2053839], [21.0260957, 52.2047395], [21.0262727, 52.2040327], [21.0271096, 52.2034639], [21.0270613, 52.2028031], [21.0268146, 52.2026026], [21.0250926, 52.2020963], [21.0249424, 52.201899], [21.0247868, 52.2007384], [21.0250121, 52.1995186]]]}}, {"type": "Feature", "properties": {"name": "Jeziorki Północne"}, "geometry": {"type": "Polygon", "coordinates": [[[20.9802931, 52.1328724], [20.9976246, 52.124401], [20.9994588, 52.1236643], [21.0008473, 52.1233507], [21.0024908, 52.1232087], [21.0085016, 52.1237671], [21.0117673, 52.1233351], [21.0132363, 52.1226179], [21.0127971, 52.1243167], [21.0126382, 52.1267145], [21.0115991, 52.128508], [21.0112888, 52.1299945], [21.0113135, 52.1310019], [21.0117088, 52.1330871], [21.0119036, 52.1338656], [21.0122111, 52.1341537], [21.0128706, 52.136595], [21.0121694, 52.1368708], [21.0121549, 52.1378937], [21.0123762, 52.1379208], [21.0123853, 52.1388006], [21.0074988, 52.1389574], [21.0060127, 52.1388823], [21.0059525, 52.1386897], [21.0058031, 52.138862], [21.0029752, 52.1386946], [21.0026186, 52.1384722], [21.0022232, 52.138622], [20.9951958, 52.1384101], [20.9917428, 52.1385862], [20.9902692, 52.1389217], [20.9898176, 52.1392718], [20.9894073, 52.1418519], [20.9845434, 52.1421819], [20.9834464, 52.1404818], [20.9838223, 52.139966], [20.9850342, 52.1390784], [20.9802931, 52.1328724]]]}}, {"type": "Feature", "properties": {"name": "Jeziorki Południowe"}, "geometry": {"type": "Polygon", "coordinates": [[[20.9799768, 52.1294352], [20.9798896, 52.1280748], [20.9801799, 52.1276337], [20.9801815, 52.1273417], [20.9829841, 52.1237839], [20.9890427, 52.1236463], [20.9850736, 52.1204422], [20.9872967, 52.1157322], [20.9837241, 52.1116899], [20.9845838, 52.1109686], [20.9866955, 52.1105606], [20.9844793, 52.1056199], [20.9873598, 52.1051391], [20.9868586, 52.1039026], [20.9915988, 52.103114], [20.9918567, 52.1031648], [20.9919232, 52.1034578], [21.0186851, 52.1037181], [21.0184813, 52.1112925], [21.0160308, 52.1110569], [21.0156425, 52.1113239], [21.0147362, 52.1126405], [21.0137559, 52.1131799], [21.0137737, 52.114488], [21.0135643, 52.1144815], [21.0135662, 52.1155513], [21.0142293, 52.1155965], [21.0141598, 52.1172436], [21.0133131, 52.1172311], [21.0132363, 52.1226179], [21.0117673, 52.1233351], [21.0085016, 52.1237671], [21.0024908, 52.1232087], [21.0008473, 52.1233507], [20.9994588, 52.1236643], [20.9976246, 52.124401], [20.9802931, 52.1328724], [20.980106, 52.1326688], [20.9799768, 52.1294352]]]}}, {"type": "Feature", "properties": {"name": "Skarpa Powsińska"}, "geometry": {"type": "Polygon", "coordinates": [[[21.0799782, 52.0979091], [21.0826463, 52.0986802], [21.0836129, 52.0995944], [21.0850452, 52.1015221], [21.0866302, 52.1028208], [21.0874853, 52.1033004], [21.0893317, 52.1039457], [21.0918924, 52.1046436], [21.0941774, 52.1044811], [21.0959625, 52.1045498], [21.1001213, 52.1051789], [21.1015562, 52.1056851], [21.1035369, 52.1057564], [21.1021718, 52.1072735], [21.1015826, 52.1076854], [21.1018287, 52.107816], [21.1009079, 52.1081382], [21.0997689, 52.1082166], [21.0989423, 52.1087525], [21.0983481, 52.1087473], [21.098248, 52.1089409], [21.0985191, 52.109065], [21.0980011, 52.1094743], [21.0972029, 52.110593], [21.0965693, 52.1105646], [21.0964961, 52.1107017], [21.0968529, 52.1109633], [21.0965316, 52.1113805], [21.0961465, 52.1114039], [21.0959943, 52.1118069], [21.0963289, 52.1118825], [21.0962256, 52.1121521], [21.0956932, 52.1131132], [21.0950826, 52.1137622], [21.0942494, 52.113976], [21.0901321, 52.1141971], [21.0883584, 52.1145126], [21.0865104, 52.1144597], [21.0865711, 52.1148122], [21.0871825, 52.1149063], [21.0915702, 52.1147409], [21.0921744, 52.1148987], [21.0934941, 52.1145075], [21.0942006, 52.1146097], [21.0935015, 52.1156457], [21.0924964, 52.1166559], [21.0918831, 52.1167278], [21.0920728, 52.1170963], [21.0918774, 52.1170735], [21.0917109, 52.1176513], [21.0907617, 52.1176207], [21.0908089, 52.1173545], [21.0895839, 52.1174847], [21.0890418, 52.117864], [21.0870375, 52.1176444], [21.0712844, 52.1145625], [21.0745865, 52.1139731], [21.0764531, 52.1141787], [21.0762118, 52.1138197], [21.0750947, 52.1136329], [21.0722283, 52.113881], [21.0774858, 52.1074015], [21.0818057, 52.1081297], [21.0819964, 52.1078752], [21.0822598, 52.1064704], [21.0805202, 52.1030595], [21.0803131, 52.1021425], [21.0803735, 52.1014681], [21.0799782, 52.0979091]]]}}, {"type": "Feature", "properties": {"name": "Natolin"}, "geometry": {"type": "Polygon", "coordinates": [[[21.0321238, 52.138635], [21.0337613, 52.1379946], [21.0354215, 52.1370869], [21.0372831, 52.1354822], [21.0387452, 52.1347438], [21.038843, 52.1316507], [21.0452707, 52.1306619], [21.0498468, 52.1285988], [21.0523987, 52.1300093], [21.0530879, 52.1316347], [21.0558689, 52.1312104], [21.0557381, 52.1321032], [21.0555242, 52.1324534], [21.0534939, 52.1340026], [21.0609293, 52.1364816], [21.062219, 52.1351287], [21.0697123, 52.1359622], [21.0745105, 52.1367392], [21.0739545, 52.1373742], [21.072329, 52.1372327], [21.0721083, 52.1374738], [21.0720554, 52.1392773], [21.0678567, 52.1442424], [21.0699046, 52.1450962], [21.0678193, 52.147284], [21.0676096, 52.1469912], [21.0672004, 52.1470752], [21.0669554, 52.1476056], [21.0665277, 52.1477379], [21.0669303, 52.1479949], [21.0636541, 52.1508454], [21.0467205, 52.1426367], [21.0433969, 52.1415058], [21.0402435, 52.1408208], [21.0358963, 52.1403638], [21.0322364, 52.1402145], [21.0331447, 52.1391188], [21.0321238, 52.138635]]]}}, {"type": "Feature", "properties": {"name": "Kabaty"}, "geometry": {"type": "Polygon", "coordinates": [[[21.0498468, 52.1285988], [21.0556413, 52.1258786], [21.055823, 52.1249565], [21.0673844, 52.1248425], [21.0692621, 52.1244704], [21.0733383, 52.124288], [21.0837843, 52.1243041], [21.085552, 52.1245083], [21.084186, 52.1248648], [21.0842852, 52.1248892], [21.0856507, 52.12474], [21.0866692, 52.1249707], [21.0864287, 52.1251203], [21.0866335, 52.1252971], [21.0860571, 52.1260135], [21.0858367, 52.1260861], [21.0853892, 52.1260423], [21.0854641, 52.125582], [21.0850802, 52.1252799], [21.0832418, 52.1249813], [21.083183, 52.1250982], [21.0842026, 52.1252394], [21.0848117, 52.1255619], [21.0845205, 52.1258322], [21.082609, 52.1257188], [21.0825579, 52.1258559], [21.0846714, 52.1260927], [21.0845805, 52.1263393], [21.0847309, 52.1263316], [21.0846096, 52.1264349], [21.0856138, 52.1267424], [21.0846637, 52.1274504], [21.0843821, 52.1274672], [21.0834456, 52.1284215], [21.0831378, 52.1284054], [21.0831319, 52.1286279], [21.0824301, 52.1283536], [21.0823814, 52.1279753], [21.0821271, 52.1279254], [21.0821247, 52.1277649], [21.0818811, 52.1278229], [21.0817896, 52.1280071], [21.0819001, 52.1281825], [21.0816137, 52.128215], [21.0813814, 52.1285141], [21.0820261, 52.1286564], [21.0824652, 52.1290573], [21.0822465, 52.1296909], [21.0820492, 52.1296693], [21.0820653, 52.1298247], [21.0815442, 52.129731], [21.081152, 52.1302077], [21.0813576, 52.1307749], [21.0818829, 52.1309234], [21.0816262, 52.1314443], [21.080742, 52.13148], [21.0813207, 52.1316514], [21.0814598, 52.1318345], [21.0810052, 52.1327643], [21.0807319, 52.1328679], [21.0799, 52.132707], [21.0797604, 52.1324119], [21.0792066, 52.1328022], [21.0766099, 52.1325286], [21.0774353, 52.1329382], [21.0795964, 52.133234], [21.0794561, 52.1334616], [21.079963, 52.1331494], [21.0803647, 52.1332165], [21.079837, 52.1342925], [21.0800337, 52.1344833], [21.0791418, 52.1354016], [21.0785791, 52.1353115], [21.0786439, 52.1349275], [21.0782214, 52.1343793], [21.0779647, 52.1343622], [21.0783676, 52.1348874], [21.0780681, 52.1353651], [21.0769867, 52.135247], [21.0765535, 52.135379], [21.0764733, 52.135565], [21.0755612, 52.1354224], [21.0745105, 52.1367392], [21.0697123, 52.1359622], [21.062219, 52.1351287], [21.0609293, 52.1364816], [21.0534939, 52.1340026], [21.0555242, 52.1324534], [21.0557381, 52.1321032], [21.0558689, 52.1312104], [21.0530879, 52.1316347], [21.0523987, 52.1300093], [21.0498468, 52.1285988]]]}}, {"type": "Feature", "properties": {"name": "Teren Wydzielony Rezerwat \"Las Kabacki\""}, "geometry": {"type": "Polygon", "coordinates": [[[21.0247238, 52.1179903], [21.0247304, 52.1154661], [21.0281482, 52.1153464], [21.0377742, 52.1119163], [21.0432989, 52.1131467], [21.0461023, 52.1119854], [21.048337, 52.1107051], [21.0486608, 52.1102602], [21.0504527, 52.109153], [21.0525076, 52.1084072], [21.0561908, 52.1076446], [21.0565289, 52.1077254], [21.0580385, 52.1072046], [21.0623247, 52.1054234], [21.0640162, 52.1045157], [21.0657152, 52.1039051], [21.0691725, 52.1022724], [21.0742097, 52.1003602], [21.0767944, 52.099219], [21.0783069, 52.0982911], [21.0798559, 52.0978926], [21.0799782, 52.0979091], [21.0803735, 52.1014681], [21.0803131, 52.1021425], [21.0805202, 52.1030595], [21.0822598, 52.1064704], [21.0819964, 52.1078752], [21.0818057, 52.1081297], [21.0774858, 52.1074015], [21.0722283, 52.113881], [21.0750947, 52.1136329], [21.0762118, 52.1138197], [21.0764531, 52.1141787], [21.0745865, 52.1139731], [21.0712844, 52.1145625], [21.086066, 52.1174115], [21.0886995, 52.1181311], [21.0880613, 52.1184645], [21.0880411, 52.1187739], [21.0872033, 52.118971], [21.0868872, 52.119384], [21.0865853, 52.1195102], [21.0864433, 52.1197375], [21.0865913, 52.1197758], [21.0882842, 52.1188732], [21.0890744, 52.1182274], [21.090125, 52.1181847], [21.0898053, 52.118397], [21.0897441, 52.1189082], [21.0891826, 52.1196459], [21.0893721, 52.1197707], [21.0900709, 52.1191589], [21.0903549, 52.1185547], [21.0917252, 52.1184219], [21.0909408, 52.1198605], [21.0887892, 52.120226], [21.0886728, 52.1205949], [21.0901642, 52.1204212], [21.0904482, 52.1205325], [21.0902076, 52.1211276], [21.0885573, 52.1227289], [21.0884455, 52.1231018], [21.0872408, 52.1230666], [21.0871766, 52.1233227], [21.0874, 52.1235898], [21.0877221, 52.1236467], [21.0874143, 52.1240644], [21.0863679, 52.1245248], [21.0837843, 52.1243041], [21.0733383, 52.124288], [21.0692621, 52.1244704], [21.0673844, 52.1248425], [21.055823, 52.1249565], [21.0556413, 52.1258786], [21.0452707, 52.1306619], [21.038843, 52.1316507], [21.0387452, 52.1347438], [21.0372831, 52.1354822], [21.0354215, 52.1370869], [21.0337613, 52.1379946], [21.0320439, 52.138671], [21.0300233, 52.1363604], [21.0297126, 52.1351213], [21.0244095, 52.135673], [21.0246067, 52.124091], [21.0251297, 52.124091], [21.0251297, 52.1236941], [21.0246163, 52.1236854], [21.0247238, 52.1179903]]]}}, {"type": "Feature", "properties": {"name": "Wyczółki"}, "geometry": {"type": "Polygon", "coordinates": [[[20.9865298, 52.1622847], [20.9865261, 52.1620648], [20.9869846, 52.16207], [20.987032, 52.1606728], [20.9874045, 52.1604481], [20.9878244, 52.1545816], [20.9888686, 52.1467137], [20.9887612, 52.1466071], [20.9968767, 52.1461128], [21.0067404, 52.1460973], [21.0072074, 52.1502258], [21.0069382, 52.1516619], [21.007083, 52.1516621], [21.0070833, 52.1545231], [21.007372, 52.1547316], [21.0070288, 52.1547813], [21.0071632, 52.1551148], [21.00432, 52.1575961], [21.00426, 52.1596766], [21.0055761, 52.1612902], [21.0076087, 52.165171], [21.0078409, 52.1653043], [21.0085539, 52.1651731], [21.0101152, 52.1673459], [21.0087485, 52.1678348], [21.0082139, 52.1670091], [20.9979794, 52.1693889], [20.9968719, 52.1692986], [20.9885859, 52.1713703], [20.988161, 52.1707346], [20.9881705, 52.1704125], [20.9877879, 52.1703979], [20.9876334, 52.1707609], [20.987019, 52.1710684], [20.9871325, 52.1690561], [20.9869588, 52.1680587], [20.9868181, 52.1679318], [20.9867982, 52.1672434], [20.9870194, 52.1625239], [20.9865298, 52.1622847]]]}}, {"type": "Feature", "properties": {"name": "Grabów"}, "geometry": {"type": "Polygon", "coordinates": [[[20.9887612, 52.1466071], [20.9888922, 52.1464945], [20.9898176, 52.1392718], [20.9902692, 52.1389217], [20.9910535, 52.1386883], [20.9951958, 52.1384101], [21.0022232, 52.138622], [21.0026186, 52.1384722], [21.0029752, 52.1386946], [21.0058031, 52.138862], [21.0059525, 52.1386897], [21.0060127, 52.1388823], [21.0077847, 52.1389658], [21.0139366, 52.1387354], [21.0178386, 52.1388843], [21.0174357, 52.1555666], [21.0160714, 52.1555722], [21.0154812, 52.1554103], [21.0154828, 52.1549747], [21.0111491, 52.1554277], [21.0071632, 52.1551148], [21.0070288, 52.1547813], [21.007372, 52.1547316], [21.0073757, 52.1546157], [21.0070833, 52.1545231], [21.007083, 52.1516621], [21.0069382, 52.1516619], [21.0072074, 52.1502258], [21.0067404, 52.1460973], [20.9968767, 52.1461128], [20.9887612, 52.1466071]]]}}, {"type": "Feature", "properties": {"name": "Stary Służew"}, "geometry": {"type": "Polygon", "coordinates": [[[21.0367011, 52.1684768], [21.0373298, 52.164778], [21.0407405, 52.1645302], [21.0371159, 52.1634294], [21.0424042, 52.1579399], [21.0430816, 52.1573347], [21.0443057, 52.1566057], [21.0557581, 52.1608731], [21.0548171, 52.1617637], [21.0537612, 52.1614524], [21.054518, 52.161945], [21.0522102, 52.1638076], [21.0515888, 52.1635825], [21.0514966, 52.1636889], [21.051955, 52.1640461], [21.050977, 52.1646892], [21.0499076, 52.1657497], [21.0493243, 52.1656558], [21.0496071, 52.1649224], [21.0492947, 52.1648901], [21.0485395, 52.1657115], [21.0485994, 52.165937], [21.0494361, 52.1661584], [21.0491819, 52.1663932], [21.0489354, 52.166384], [21.0472409, 52.1680167], [21.0477299, 52.1683272], [21.0541053, 52.1694835], [21.0512084, 52.1713948], [21.0467015, 52.1738001], [21.0459923, 52.1743808], [21.043311, 52.174985], [21.0434798, 52.1748773], [21.0430318, 52.1732038], [21.0422545, 52.1722623], [21.0388477, 52.1694872], [21.0367011, 52.1684768]]]}}, {"type": "Feature", "properties": {"name": "Ursynów Północny"}, "geometry": {"type": "Polygon", "coordinates": [[[21.00432, 52.1575961], [21.0071632, 52.1551148], [21.0111491, 52.1554277], [21.0154828, 52.1549747], [21.0154812, 52.1554103], [21.0160714, 52.1555722], [21.0174357, 52.1555666], [21.0174879, 52.1528601], [21.0295933, 52.1504955], [21.0325741, 52.1494435], [21.0408831, 52.1550162], [21.0443057, 52.1566057], [21.0430816, 52.1573347], [21.0424042, 52.1579399], [21.0371159, 52.1634294], [21.0407405, 52.1645302], [21.0373298, 52.164778], [21.0367011, 52.1684768], [21.0317134, 52.1670873], [21.0299329, 52.1667646], [21.0282457, 52.167529], [21.0262287, 52.1677115], [21.025887, 52.1676802], [21.0258925, 52.1673084], [21.0250048, 52.1672659], [21.0244865, 52.1669148], [21.0244489, 52.166528], [21.0216643, 52.166601], [21.0195659, 52.1670463], [21.0200029, 52.1662598], [21.0184566, 52.164279], [21.0169304, 52.1647745], [21.0168433, 52.1649194], [21.0158654, 52.1648303], [21.0158562, 52.165652], [21.0122962, 52.1655193], [21.0116143, 52.1669606], [21.0101152, 52.1673459], [21.0085539, 52.1651731], [21.0078409, 52.1653043], [21.0076087, 52.165171], [21.0055761, 52.1612902], [21.00426, 52.1596766], [21.00432, 52.1575961]]]}}, {"type": "Feature", "properties": {"name": "Stary Imielin"}, "geometry": {"type": "Polygon", "coordinates": [[[21.0175305, 52.1528519], [21.0178386, 52.1388843], [21.0287714, 52.1395158], [21.0290089, 52.1393401], [21.0299835, 52.1393884], [21.0300051, 52.1395269], [21.0314373, 52.1393161], [21.032686, 52.1388656], [21.0331447, 52.1391188], [21.0322364, 52.1402145], [21.0386895, 52.1405891], [21.0383518, 52.1435895], [21.0380898, 52.1444022], [21.0372704, 52.1458941], [21.0352278, 52.1479056], [21.0342291, 52.1485677], [21.0325741, 52.1494435], [21.0295933, 52.1504955], [21.0175305, 52.1528519]]]}}, {"type": "Feature", "properties": {"name": "Ursynów Centrum"}, "geometry": {"type": "Polygon", "coordinates": [[[21.0325741, 52.1494435], [21.0352278, 52.1479056], [21.0372704, 52.1458941], [21.0380898, 52.1444022], [21.0383518, 52.1435895], [21.0386895, 52.1405891], [21.0433969, 52.1415058], [21.0467205, 52.1426367], [21.0630172, 52.1505365], [21.0628976, 52.1507696], [21.0631486, 52.1510701], [21.0631525, 52.1514004], [21.0627722, 52.1518977], [21.0621381, 52.1518369], [21.0611445, 52.1525159], [21.0609775, 52.153842], [21.0602842, 52.1550219], [21.0596817, 52.1554648], [21.0597312, 52.1559484], [21.0591554, 52.1568808], [21.0589272, 52.1569601], [21.0586022, 52.1576276], [21.0563157, 52.1603166], [21.0557042, 52.1602308], [21.055855, 52.160765], [21.0557581, 52.1608731], [21.0421618, 52.1557074], [21.0387758, 52.1536606], [21.0325741, 52.1494435]]]}}, {"type": "Feature", "properties": {"name": "Filtry"}, "geometry": {"type": "Polygon", "coordinates": [[[20.9879222, 52.2102791], [20.9982866, 52.2091573], [21.0069884, 52.2106517], [21.0049518, 52.2172431], [21.0047058, 52.2231188], [21.0016412, 52.2279802], [20.9887583, 52.2252379], [20.9899008, 52.2238206], [20.9900434, 52.2233765], [20.9896037, 52.2202824], [20.9882133, 52.2166421], [20.988546, 52.2127829], [20.9879222, 52.2102791]]]}}, {"type": "Feature", "properties": {"name": "Stara Ochota"}, "geometry": {"type": "Polygon", "coordinates": [[[20.9604516, 52.2183977], [20.9605473, 52.2168896], [20.9608207, 52.2165401], [20.9612723, 52.2163144], [20.9633163, 52.2157756], [20.9764719, 52.2111372], [20.9783496, 52.2105984], [20.9826872, 52.2106202], [20.9879222, 52.2102791], [20.988546, 52.2127829], [20.9882133, 52.2166421], [20.9896037, 52.2202824], [20.9900434, 52.2233765], [20.9899008, 52.2238206], [20.9887583, 52.2252379], [20.987686, 52.2248746], [20.9804181, 52.2233414], [20.9772297, 52.2223206], [20.9766265, 52.2222582], [20.9764001, 52.2220253], [20.9757072, 52.2221399], [20.9705247, 52.2207126], [20.9707869, 52.2203565], [20.9686383, 52.2195927], [20.9681351, 52.2200732], [20.9632193, 52.2188153], [20.9604516, 52.2183977]]]}}, {"type": "Feature", "properties": {"name": "Rakowiec"}, "geometry": {"type": "Polygon", "coordinates": [[[20.9642197, 52.1969845], [20.9819224, 52.1927582], [20.9879222, 52.2102791], [20.9826872, 52.2106202], [20.9783496, 52.2105984], [20.9764719, 52.2111372], [20.9642197, 52.1969845]]]}}, {"type": "Feature", "properties": {"name": "Szczęśliwice"}, "geometry": {"type": "Polygon", "coordinates": [[[20.9359325, 52.2121498], [20.9373819, 52.2121352], [20.9367306, 52.210919], [20.9365146, 52.2108944], [20.9372001, 52.2088576], [20.938112, 52.2082063], [20.9420575, 52.2043833], [20.9419064, 52.2042968], [20.9425479, 52.2037053], [20.9428266, 52.2036753], [20.9436093, 52.2027675], [20.9439247, 52.2028655], [20.9447047, 52.2021486], [20.9457404, 52.2015124], [20.9472253, 52.2009418], [20.9489731, 52.2005027], [20.9642197, 52.1969845], [20.9764719, 52.2111372], [20.9633163, 52.2157756], [20.9612723, 52.2163144], [20.9608207, 52.2165401], [20.9605473, 52.2168896], [20.9604516, 52.2183977], [20.9588826, 52.2181535], [20.9590572, 52.2178025], [20.9573916, 52.2166775], [20.9565355, 52.2156796], [20.9554446, 52.215029], [20.9540081, 52.2145175], [20.95083, 52.2143271], [20.94453, 52.2145692], [20.9422838, 52.213978], [20.9381518, 52.2123389], [20.9376352, 52.2125977], [20.9359325, 52.2121498]]]}}, {"type": "Feature", "properties": {"name": "Kępa Zawadowska"}, "geometry": {"type": "Polygon", "coordinates": [[[21.1126148, 52.152508], [21.1130664, 52.1518153], [21.1138864, 52.1510788], [21.114849, 52.1504226], [21.1155502, 52.1502184], [21.1166497, 52.1500058], [21.1214327, 52.1506122], [21.1224548, 52.150583], [21.1245701, 52.149708], [21.1262576, 52.1477682], [21.1272559, 52.146864], [21.1289197, 52.1439104], [21.1307736, 52.1428894], [21.1331504, 52.1423789], [21.1340298, 52.1414964], [21.1365967, 52.1409785], [21.136264, 52.1392427], [21.1386764, 52.1380465], [21.1395321, 52.1363689], [21.14097, 52.1354425], [21.1412315, 52.1343337], [21.140459, 52.1340419], [21.1399599, 52.1332687], [21.1401238, 52.1329471], [21.1412, 52.1331953], [21.145039, 52.1354525], [21.1479425, 52.1385145], [21.1500968, 52.1397436], [21.150488, 52.1398565], [21.1516442, 52.1397589], [21.153852, 52.140132], [21.1540693, 52.140492], [21.1531407, 52.142505], [21.1546934, 52.1435998], [21.1649579, 52.1447269], [21.1631209, 52.1457524], [21.1619022, 52.1474117], [21.159674, 52.1493549], [21.1568314, 52.1507902], [21.1519681, 52.1523788], [21.1502251, 52.1530968], [21.1486355, 52.1539465], [21.1470773, 52.1550221], [21.1455201, 52.1564368], [21.1439952, 52.1584164], [21.1435693, 52.1592834], [21.143024, 52.1611677], [21.1277194, 52.1583044], [21.1231916, 52.1571306], [21.1211, 52.1563286], [21.1126148, 52.152508]]]}}, {"type": "Feature", "properties": {"name": "Powsin"}, "geometry": {"type": "Polygon", "coordinates": [[[21.0813069, 52.1306349], [21.081152, 52.1302077], [21.0815442, 52.129731], [21.0820653, 52.1298247], [21.0820492, 52.1296693], [21.0822465, 52.1296909], [21.0824652, 52.1290573], [21.0820261, 52.1286564], [21.0813814, 52.1285141], [21.0816137, 52.128215], [21.0819001, 52.1281825], [21.0817896, 52.1280071], [21.0818811, 52.1278229], [21.0821247, 52.1277649], [21.0821271, 52.1279254], [21.0823814, 52.1279753], [21.0824301, 52.1283536], [21.0831319, 52.1286279], [21.0831378, 52.1284054], [21.0834456, 52.1284215], [21.0843821, 52.1274672], [21.0846637, 52.1274504], [21.0856138, 52.1267424], [21.0846096, 52.1264349], [21.0847309, 52.1263316], [21.0845805, 52.1263393], [21.0846714, 52.1260927], [21.0834949, 52.1260303], [21.0825579, 52.1258559], [21.082609, 52.1257188], [21.084262, 52.1258537], [21.0845205, 52.1258322], [21.0848117, 52.1255619], [21.0842026, 52.1252394], [21.083183, 52.1250982], [21.0832418, 52.1249813], [21.0850802, 52.1252799], [21.0854641, 52.125582], [21.0853892, 52.1260423], [21.0860571, 52.1260135], [21.0866335, 52.1252971], [21.0864287, 52.1251203], [21.0866437, 52.1249332], [21.0856507, 52.12474], [21.0848179, 52.124885], [21.084186, 52.1248648], [21.085552, 52.1245083], [21.0863679, 52.1245248], [21.0874143, 52.1240644], [21.0877221, 52.1236467], [21.0874, 52.1235898], [21.0871766, 52.1233227], [21.0872408, 52.1230666], [21.0884455, 52.1231018], [21.0885573, 52.1227289], [21.0902076, 52.1211276], [21.0904482, 52.1205325], [21.0901642, 52.1204212], [21.0886728, 52.1205949], [21.0887892, 52.120226], [21.0909408, 52.1198605], [21.0917252, 52.1184219], [21.0903549, 52.1185547], [21.0900709, 52.1191589], [21.0893721, 52.1197707], [21.0891826, 52.1196459], [21.0897441, 52.1189082], [21.0898053, 52.118397], [21.090125, 52.1181847], [21.0890744, 52.1182274], [21.0882842, 52.1188732], [21.0865913, 52.1197758], [21.0864433, 52.1197375], [21.0865853, 52.1195102], [21.0868872, 52.119384], [21.0872033, 52.118971], [21.0880411, 52.1187739], [21.0880613, 52.1184645], [21.0886995, 52.1181311], [21.0876923, 52.1179337], [21.0870381, 52.1176958], [21.0870363, 52.1175473], [21.0890418, 52.117864], [21.0895839, 52.1174847], [21.0908089, 52.1173545], [21.0907617, 52.1176207], [21.0917109, 52.1176513], [21.0918774, 52.1170735], [21.0920728, 52.1170963], [21.0918831, 52.1167278], [21.0924964, 52.1166559], [21.0942163, 52.1147406], [21.0942006, 52.1146097], [21.093582, 52.1145017], [21.0921744, 52.1148987], [21.0915702, 52.1147409], [21.0871825, 52.1149063], [21.0865711, 52.1148122], [21.0865104, 52.1144597], [21.0883584, 52.1145126], [21.0901321, 52.1141971], [21.0942494, 52.113976], [21.0950826, 52.1137622], [21.0956932, 52.1131132], [21.0962256, 52.1121521], [21.0963289, 52.1118825], [21.0959943, 52.1118069], [21.0961465, 52.1114039], [21.0965316, 52.1113805], [21.0968529, 52.1109633], [21.0964961, 52.1107017], [21.0965693, 52.1105646], [21.0972029, 52.110593], [21.0980011, 52.1094743], [21.0985191, 52.109065], [21.098248, 52.1089409], [21.0983481, 52.1087473], [21.0989423, 52.1087525], [21.0993654, 52.108362], [21.1002513, 52.108091], [21.1009079, 52.1081382], [21.1001, 52.1083526], [21.1100967, 52.1131685], [21.1087432, 52.1145942], [21.1117036, 52.1160209], [21.1162309, 52.1188673], [21.1180088, 52.1185412], [21.1218869, 52.1197125], [21.1237163, 52.1210269], [21.1250278, 52.1222996], [21.12605, 52.1241852], [21.1264776, 52.1241617], [21.1266385, 52.1249362], [21.1272253, 52.1260027], [21.1291912, 52.1270271], [21.1295637, 52.127181], [21.1300198, 52.1268594], [21.1307541, 52.1254355], [21.1315664, 52.1248887], [21.1323389, 52.1236866], [21.132455, 52.1232589], [21.1332226, 52.1230068], [21.1347034, 52.1234277], [21.1352736, 52.1261843], [21.1360098, 52.1278725], [21.1389039, 52.1310846], [21.1386603, 52.1311846], [21.1387203, 52.1313222], [21.1391637, 52.131533], [21.140134, 52.1315761], [21.1405123, 52.1319694], [21.1405488, 52.1324023], [21.1402896, 52.1325938], [21.1399599, 52.1332687], [21.140459, 52.1340419], [21.1412315, 52.1343337], [21.141222, 52.1347218], [21.14097, 52.1354425], [21.1395321, 52.1363689], [21.1386764, 52.1380465], [21.136264, 52.1392427], [21.1365967, 52.1409785], [21.1340298, 52.1414964], [21.1331504, 52.1423789], [21.1307736, 52.1428894], [21.1289197, 52.1439104], [21.1272559, 52.146864], [21.1262576, 52.1477682], [21.1245701, 52.149708], [21.1224548, 52.150583], [21.1214327, 52.1506122], [21.1166497, 52.1500058], [21.1166914, 52.1494491], [21.1179178, 52.1489442], [21.1189461, 52.1452372], [21.119129, 52.1448304], [21.1204928, 52.1433491], [21.1205231, 52.1426009], [21.1153685, 52.1397709], [21.1144224, 52.1397734], [21.1105869, 52.1376905], [21.110212, 52.1376915], [21.1062251, 52.1362957], [21.0999527, 52.1343839], [21.0982811, 52.13077], [21.0875726, 52.1312017], [21.0861175, 52.1310866], [21.0829863, 52.1303192], [21.0813069, 52.1306349]]]}}, {"type": "Feature", "properties": {"name": "Powsinek"}, "geometry": {"type": "Polygon", "coordinates": [[[21.0870442, 52.1595899], [21.0904155, 52.1550308], [21.0910573, 52.153908], [21.0924833, 52.1488912], [21.0930062, 52.147637], [21.0992097, 52.1381851], [21.1000653, 52.1358291], [21.0999527, 52.1343839], [21.1062251, 52.1362957], [21.110212, 52.1376915], [21.1105869, 52.1376905], [21.1144224, 52.1397734], [21.1153685, 52.1397709], [21.1205231, 52.1426009], [21.1204928, 52.1433491], [21.119129, 52.1448304], [21.1189461, 52.1452372], [21.1179178, 52.1489442], [21.1166914, 52.1494491], [21.1166497, 52.1500058], [21.114849, 52.1504226], [21.1130664, 52.1518153], [21.1126148, 52.152508], [21.1123534, 52.1537621], [21.1126148, 52.1549287], [21.1138745, 52.1580055], [21.1132043, 52.1595248], [21.1116023, 52.1605834], [21.1060668, 52.1617279], [21.1056865, 52.1615195], [21.1041297, 52.1611987], [21.0971775, 52.1613882], [21.09385, 52.1610164], [21.0921506, 52.1604551], [21.0870442, 52.1595899]]]}}, {"type": "Feature", "properties": {"name": "Zawady"}, "geometry": {"type": "Polygon", "coordinates": [[[21.0947583, 52.1809649], [21.0955827, 52.1790151], [21.0960628, 52.178438], [21.0966713, 52.1780357], [21.1009923, 52.176673], [21.1021807, 52.1768697], [21.1031908, 52.1762503], [21.1036424, 52.1755871], [21.1043555, 52.1751061], [21.1052943, 52.1734517], [21.1056033, 52.1713235], [21.1055082, 52.1703177], [21.1053181, 52.1697273], [21.1040821, 52.1682841], [21.1039633, 52.1676135], [21.1042842, 52.1667607], [21.104094, 52.1659662], [21.1038326, 52.1655361], [21.1028557, 52.1647416], [21.1024516, 52.1642123], [21.1026133, 52.1633128], [21.1032194, 52.1628389], [21.1060668, 52.1617279], [21.1112696, 52.1607117], [21.1132043, 52.1595248], [21.1138745, 52.1580055], [21.1126148, 52.1549287], [21.1123534, 52.1537621], [21.1126148, 52.152508], [21.1211, 52.1563286], [21.1231916, 52.1571306], [21.1277194, 52.1583044], [21.143024, 52.1611677], [21.1428749, 52.1624111], [21.1423594, 52.1640504], [21.1417206, 52.1654451], [21.1400743, 52.1679146], [21.1379068, 52.1703093], [21.133994, 52.1731204], [21.1315471, 52.1744605], [21.1211723, 52.1785779], [21.1168889, 52.1809744], [21.1147174, 52.1825211], [21.1122407, 52.1846708], [21.1102234, 52.1867635], [21.1083902, 52.1890633], [21.104912, 52.1945223], [21.1033926, 52.1936365], [21.1026638, 52.1926457], [21.1009555, 52.192208], [21.0998665, 52.1916179], [21.0994148, 52.1911864], [21.0991411, 52.1903788], [21.0996112, 52.1891415], [21.0993137, 52.1878218], [21.0990547, 52.1873322], [21.0982011, 52.1865418], [21.0960978, 52.1860403], [21.0954082, 52.1856313], [21.0950846, 52.1851919], [21.0941791, 52.1826016], [21.0942575, 52.1819315], [21.0947583, 52.1809649]]]}}, {"type": "Feature", "properties": {"name": "Wilanów Królewski"}, "geometry": {"type": "Polygon", "coordinates": [[[21.078408, 52.1674182], [21.084426, 52.166112], [21.0843547, 52.1648582], [21.0845211, 52.1633565], [21.0848301, 52.1625838], [21.0870442, 52.1595899], [21.0921506, 52.1604551], [21.09385, 52.1610164], [21.0971775, 52.1613882], [21.1041297, 52.1611987], [21.1056865, 52.1615195], [21.1060668, 52.1617279], [21.1032194, 52.1628389], [21.1026133, 52.1633128], [21.1024635, 52.16374], [21.1024516, 52.1642123], [21.1028557, 52.1647416], [21.1038326, 52.1655361], [21.104094, 52.1659662], [21.1042842, 52.1667607], [21.1039633, 52.1676135], [21.1040821, 52.1682841], [21.1053181, 52.1697273], [21.1055082, 52.1703177], [21.1056033, 52.1713235], [21.1052943, 52.1734517], [21.1043555, 52.1751061], [21.1036424, 52.1755871], [21.1031908, 52.1762503], [21.1021807, 52.1768697], [21.1009923, 52.176673], [21.0966713, 52.1780357], [21.0918274, 52.1771233], [21.0890275, 52.177374], [21.0889657, 52.175042], [21.0879865, 52.1730275], [21.0887423, 52.1714649], [21.078408, 52.1674182]]]}}, {"type": "Feature", "properties": {"name": "Błonia Wilanowskie"}, "geometry": {"type": "Polygon", "coordinates": [[[21.0473965, 52.1681382], [21.0472409, 52.1680167], [21.0477415, 52.1674537], [21.0489354, 52.166384], [21.0491819, 52.1663932], [21.0494361, 52.1661584], [21.0485994, 52.165937], [21.0485395, 52.1657115], [21.0492947, 52.1648901], [21.0496071, 52.1649224], [21.0493243, 52.1656558], [21.0499076, 52.1657497], [21.050977, 52.1646892], [21.051955, 52.1640461], [21.0514966, 52.1636889], [21.0515888, 52.1635825], [21.0522102, 52.1638076], [21.054518, 52.161945], [21.0537612, 52.1614524], [21.0548171, 52.1617637], [21.055855, 52.160765], [21.0557042, 52.1602308], [21.0563157, 52.1603166], [21.0586022, 52.1576276], [21.0589272, 52.1569601], [21.0591554, 52.1568808], [21.0597312, 52.1559484], [21.0596817, 52.1554648], [21.0602842, 52.1550219], [21.0609775, 52.153842], [21.0611445, 52.1525159], [21.0621381, 52.1518369], [21.0627722, 52.1518977], [21.0629731, 52.1517435], [21.0628907, 52.1516248], [21.0631525, 52.1514004], [21.0631486, 52.1510701], [21.0628976, 52.1507696], [21.0630172, 52.1505365], [21.0636541, 52.1508454], [21.0669303, 52.1479949], [21.0665277, 52.1477379], [21.0669554, 52.1476056], [21.0672004, 52.1470752], [21.0676096, 52.1469912], [21.0678193, 52.147284], [21.0699046, 52.1450962], [21.0678567, 52.1442424], [21.0720554, 52.1392773], [21.0721083, 52.1374738], [21.072329, 52.1372327], [21.0739545, 52.1373742], [21.0755612, 52.1354224], [21.0764733, 52.135565], [21.0765535, 52.135379], [21.0769867, 52.135247], [21.0780681, 52.1353651], [21.0783676, 52.1348874], [21.0779647, 52.1343622], [21.0782214, 52.1343793], [21.0786439, 52.1349275], [21.0785791, 52.1353115], [21.0791418, 52.1354016], [21.0800337, 52.1344833], [21.079837, 52.1342925], [21.0803647, 52.1332165], [21.079963, 52.1331494], [21.0794561, 52.1334616], [21.0795964, 52.133234], [21.0774353, 52.1329382], [21.0766539, 52.1324783], [21.0792066, 52.1328022], [21.0797604, 52.1324119], [21.0799, 52.132707], [21.0809161, 52.1328649], [21.0814598, 52.1318345], [21.0813207, 52.1316514], [21.080742, 52.13148], [21.0816262, 52.1314443], [21.0818829, 52.1309234], [21.0813576, 52.1307749], [21.0813069, 52.1306349], [21.082627, 52.1303247], [21.0833643, 52.1303735], [21.0861175, 52.1310866], [21.0875726, 52.1312017], [21.0982811, 52.13077], [21.0999527, 52.1343839], [21.1000653, 52.1358291], [21.0998039, 52.1368065], [21.0992097, 52.1381851], [21.0930062, 52.147637], [21.0924833, 52.1488912], [21.0910573, 52.153908], [21.0904155, 52.1550308], [21.0848301, 52.1625838], [21.0845211, 52.1633565], [21.0843547, 52.1648582], [21.084426, 52.166112], [21.0680867, 52.1698183], [21.0679524, 52.1696307], [21.0621637, 52.1702039], [21.0597869, 52.1701865], [21.057497, 52.1697407], [21.0541053, 52.1694835], [21.0477299, 52.1683272], [21.0473965, 52.1681382]]]}}, {"type": "Feature", "properties": {"name": "Wilanów Niski"}, "geometry": {"type": "Polygon", "coordinates": [[[21.0690933, 52.176724], [21.0773527, 52.1686602], [21.0799909, 52.1680509], [21.0887423, 52.1714649], [21.0879865, 52.1730275], [21.0889657, 52.175042], [21.0890275, 52.177374], [21.0918274, 52.1771233], [21.0966713, 52.1780357], [21.0960628, 52.178438], [21.0955827, 52.1790151], [21.0947583, 52.1809649], [21.0897018, 52.1806229], [21.089279, 52.1808196], [21.0893824, 52.1810996], [21.0891503, 52.1812991], [21.081238, 52.1846007], [21.074161, 52.1803309], [21.0726582, 52.1793249], [21.0723669, 52.1786332], [21.0721268, 52.1784937], [21.0719537, 52.1786031], [21.0707382, 52.1777863], [21.0699836, 52.1775671], [21.0690933, 52.176724]]]}}, {"type": "Feature", "properties": {"name": "Wilanów Wysoki"}, "geometry": {"type": "Polygon", "coordinates": [[[21.0630659, 52.1753225], [21.0686131, 52.1702057], [21.0680867, 52.1698183], [21.078408, 52.1674182], [21.0799909, 52.1680509], [21.0773527, 52.1686602], [21.0690933, 52.176724], [21.0657857, 52.1755294], [21.0651317, 52.176095], [21.0630659, 52.1753225]]]}}, {"type": "Feature", "properties": {"name": "Szamoty"}, "geometry": {"type": "Polygon", "coordinates": [[[20.8682797, 52.2085858], [20.8687079, 52.207416], [20.8693496, 52.2065639], [20.8697893, 52.2061634], [20.8706331, 52.2058065], [20.8748044, 52.2010069], [20.8796412, 52.1985013], [20.8812759, 52.19829], [20.8823507, 52.1978675], [20.8836247, 52.1959518], [20.9001432, 52.2017068], [20.8967234, 52.2027216], [20.8810597, 52.209006], [20.8782205, 52.2093213], [20.8785823, 52.2095505], [20.8768384, 52.2095816], [20.8727532, 52.209123], [20.872777, 52.2089977], [20.8682797, 52.2085858]]]}}, {"type": "Feature", "properties": {"name": "Gołąbki"}, "geometry": {"type": "Polygon", "coordinates": [[[20.8519173, 52.1997175], [20.8530453, 52.1972557], [20.8533087, 52.19724], [20.853065, 52.1971952], [20.8541055, 52.1949253], [20.8561855, 52.1921062], [20.8688553, 52.1978952], [20.8722612, 52.1986906], [20.8722612, 52.1989092], [20.8753154, 52.200701], [20.8748044, 52.2010069], [20.8706331, 52.2058065], [20.8697893, 52.2061634], [20.8693496, 52.2065639], [20.8687079, 52.207416], [20.8682797, 52.2085858], [20.859603, 52.2074504], [20.8574298, 52.2069071], [20.8555915, 52.2061442], [20.8536313, 52.2048349], [20.852897, 52.2040605], [20.8533351, 52.2039926], [20.8527648, 52.2039253], [20.8523242, 52.2032887], [20.8521028, 52.2028629], [20.8516882, 52.2009766], [20.8518815, 52.1998318], [20.8521626, 52.1997915], [20.8519173, 52.1997175]]]}}, {"type": "Feature", "properties": {"name": "Niedźwiadek"}, "geometry": {"type": "Polygon", "coordinates": [[[20.8561855, 52.1921062], [20.8567924, 52.1918366], [20.8564706, 52.191697], [20.8568465, 52.1908576], [20.8569575, 52.1899627], [20.8567832, 52.1890848], [20.8560102, 52.1878301], [20.8560894, 52.1876405], [20.8616347, 52.1893054], [20.8617203, 52.1892189], [20.8647079, 52.1899689], [20.8646841, 52.1901993], [20.8653802, 52.190424], [20.865326, 52.1901732], [20.8836247, 52.1959518], [20.8823507, 52.1978675], [20.8812759, 52.19829], [20.8796412, 52.1985013], [20.8753154, 52.200701], [20.8722612, 52.1989092], [20.8722612, 52.1986906], [20.8688553, 52.1978952], [20.8561855, 52.1921062]]]}}, {"type": "Feature", "properties": {"name": "Czechowice"}, "geometry": {"type": "Polygon", "coordinates": [[[20.8671364, 52.1907777], [20.8671664, 52.1824966], [20.8693322, 52.1825648], [20.8742021, 52.182336], [20.8794119, 52.182553], [20.8932853, 52.1825374], [20.887689, 52.1923866], [20.8839669, 52.1940505], [20.8847037, 52.1945968], [20.8836247, 52.1959518], [20.8671364, 52.1907777]]]}}, {"type": "Feature", "properties": {"name": "Skorosze"}, "geometry": {"type": "Polygon", "coordinates": [[[20.8836247, 52.1959518], [20.8847037, 52.1945968], [20.8839669, 52.1940505], [20.887689, 52.1923866], [20.8932853, 52.1825374], [20.897726, 52.1825408], [20.8992741, 52.1841297], [20.901504, 52.1844258], [20.9026643, 52.1840192], [20.9039064, 52.1839658], [20.9039718, 52.1841146], [20.9090422, 52.1845432], [20.9092087, 52.1858585], [20.9147704, 52.1858422], [20.9161097, 52.1878835], [20.9168206, 52.1894876], [20.9192, 52.1937622], [20.9153822, 52.1927326], [20.9121265, 52.1942798], [20.9104525, 52.1956998], [20.9105415, 52.195975], [20.9063003, 52.1976039], [20.9031801, 52.1983257], [20.900674, 52.1995188], [20.8999679, 52.2000469], [20.9001432, 52.2017068], [20.8836247, 52.1959518]]]}}, {"type": "Feature", "properties": {"name": "Raków"}, "geometry": {"type": "Polygon", "coordinates": [[[20.9356614, 52.1945703], [20.9369838, 52.1942807], [20.9356623, 52.1913478], [20.9485921, 52.1867579], [20.9498161, 52.1878289], [20.9499706, 52.1882296], [20.9535239, 52.1911219], [20.9581468, 52.1902477], [20.9642197, 52.1969845], [20.9468308, 52.2010682], [20.9451867, 52.2018118], [20.9439247, 52.2028655], [20.9436093, 52.2027675], [20.9428266, 52.2036753], [20.9425479, 52.2037053], [20.9419064, 52.2042968], [20.9420575, 52.2043833], [20.9412701, 52.2051212], [20.9395602, 52.204095], [20.937597, 52.2042276], [20.9360901, 52.2040004], [20.9347947, 52.2016333], [20.9376944, 52.2009049], [20.9380628, 52.2002057], [20.9382636, 52.1978824], [20.9381669, 52.1966934], [20.9356614, 52.1945703]]]}}, {"type": "Feature", "properties": {"name": "Stare Włochy"}, "geometry": {"type": "Polygon", "coordinates": [[[20.9001432, 52.2017068], [20.8999679, 52.2000469], [20.900674, 52.1995188], [20.9031801, 52.1983257], [20.9063003, 52.1976039], [20.9105415, 52.195975], [20.9104525, 52.1956998], [20.9121265, 52.1942798], [20.9153822, 52.1927326], [20.9157701, 52.1927512], [20.9192, 52.1937622], [20.9205126, 52.1959153], [20.9178244, 52.1965345], [20.9184186, 52.1978165], [20.9190366, 52.1984503], [20.9225899, 52.1975907], [20.9257154, 52.1963014], [20.9312296, 52.1955295], [20.9356614, 52.1945703], [20.9381669, 52.1966934], [20.9382636, 52.1978824], [20.9380628, 52.2002057], [20.9376944, 52.2009049], [20.9347947, 52.2016333], [20.9360901, 52.2040004], [20.937597, 52.2042276], [20.9395602, 52.204095], [20.9412701, 52.2051212], [20.938112, 52.2082063], [20.9372001, 52.2088576], [20.9365146, 52.2108944], [20.9367306, 52.210919], [20.9373819, 52.2121352], [20.9359325, 52.2121498], [20.9304758, 52.2109864], [20.9270863, 52.2098817], [20.9254749, 52.2097598], [20.9001432, 52.2017068]]]}}, {"type": "Feature", "properties": {"name": "Salomea"}, "geometry": {"type": "Polygon", "coordinates": [[[20.9161097, 52.1878835], [20.9245769, 52.1857043], [20.9321696, 52.1842628], [20.932967, 52.1856664], [20.9332997, 52.1867447], [20.9342362, 52.1886536], [20.9364847, 52.1910141], [20.9356623, 52.1913478], [20.9369838, 52.1942807], [20.9312296, 52.1955295], [20.9257154, 52.1963014], [20.9225899, 52.1975907], [20.9190366, 52.1984503], [20.9184186, 52.1978165], [20.9178244, 52.1965345], [20.9205126, 52.1959153], [20.9168206, 52.1894876], [20.9161097, 52.1878835]]]}}, {"type": "Feature", "properties": {"name": "Opacz Wielka"}, "geometry": {"type": "Polygon", "coordinates": [[[20.9112234, 52.1795565], [20.9170377, 52.1784516], [20.9167651, 52.1778051], [20.9187357, 52.1774434], [20.9183978, 52.1770552], [20.9189969, 52.1768693], [20.9191601, 52.1764686], [20.9191591, 52.171081], [20.9209127, 52.1709659], [20.9215906, 52.1705447], [20.9222524, 52.1697791], [20.9234265, 52.1692617], [20.9233831, 52.1689876], [20.92318, 52.1688677], [20.9248206, 52.1684312], [20.9246204, 52.167994], [20.9247098, 52.1676979], [20.9254275, 52.167368], [20.9239422, 52.1662793], [20.925128, 52.1658926], [20.9289085, 52.1691918], [20.9318183, 52.1726213], [20.9327911, 52.1774994], [20.9327055, 52.1792658], [20.9317025, 52.1828626], [20.9317263, 52.1832503], [20.9321696, 52.1842628], [20.9245769, 52.1857043], [20.9161097, 52.1878835], [20.9149759, 52.1862101], [20.9112234, 52.1795565]]]}}, {"type": "Feature", "properties": {"name": "Paluch"}, "geometry": {"type": "Polygon", "coordinates": [[[20.9457552, 52.1577407], [20.9477006, 52.1570121], [20.9537622, 52.1561386], [20.9537703, 52.1529897], [20.9547579, 52.1526786], [20.9569868, 52.1512056], [20.9583119, 52.1501169], [20.9592681, 52.1495845], [20.9614259, 52.1485666], [20.9679314, 52.1461217], [20.969904, 52.1454449], [20.9756001, 52.1442963], [20.9771686, 52.1437714], [20.9786461, 52.143138], [20.9834464, 52.1404818], [20.9845434, 52.1421819], [20.9894073, 52.1418519], [20.9878244, 52.1545816], [20.9874045, 52.1604481], [20.987032, 52.1606728], [20.9869846, 52.16207], [20.9865261, 52.1620648], [20.9865298, 52.1622847], [20.9749086, 52.1645541], [20.9608872, 52.1605994], [20.9571633, 52.1616441], [20.9567428, 52.1622403], [20.9558033, 52.1619283], [20.9546658, 52.1621118], [20.9539106, 52.1617723], [20.9497511, 52.162641], [20.9493039, 52.1624009], [20.94732, 52.1596303], [20.9457552, 52.1577407]]]}}, {"type": "Feature", "properties": {"name": "Załuski"}, "geometry": {"type": "Polygon", "coordinates": [[[20.925128, 52.1658926], [20.9304862, 52.1640369], [20.9297974, 52.1633878], [20.9366334, 52.1605104], [20.9415373, 52.1589395], [20.9449935, 52.158095], [20.9457552, 52.1577407], [20.94732, 52.1596303], [20.9493039, 52.1624009], [20.9501363, 52.1629919], [20.9519107, 52.1653156], [20.9528967, 52.1659527], [20.9533049, 52.165848], [20.9537752, 52.1665774], [20.9535458, 52.1669069], [20.9528899, 52.1670982], [20.9534795, 52.1679476], [20.9512968, 52.1740668], [20.9514357, 52.1742426], [20.9449926, 52.1755592], [20.9441385, 52.1755849], [20.9434948, 52.1758172], [20.9420909, 52.1746578], [20.9326036, 52.1765325], [20.9317574, 52.1724901], [20.9289085, 52.1691918], [20.925128, 52.1658926]]]}}, {"type": "Feature", "properties": {"name": "Okęcie"}, "geometry": {"type": "Polygon", "coordinates": [[[20.9321696, 52.1842628], [20.9317263, 52.1832503], [20.9317025, 52.1828626], [20.9327483, 52.1789685], [20.9327911, 52.1774994], [20.9326036, 52.1765325], [20.9420909, 52.1746578], [20.9434948, 52.1758172], [20.9441385, 52.1755849], [20.9449926, 52.1755592], [20.9514357, 52.1742426], [20.9512968, 52.1740668], [20.9534795, 52.1679476], [20.9528899, 52.1670982], [20.9535458, 52.1669069], [20.9537705, 52.166534], [20.9533049, 52.165848], [20.9528967, 52.1659527], [20.9519107, 52.1653156], [20.9497511, 52.162641], [20.9539106, 52.1617723], [20.9546658, 52.1621118], [20.9558033, 52.1619283], [20.9567428, 52.1622403], [20.9571633, 52.1616441], [20.9608872, 52.1605994], [20.9749086, 52.1645541], [20.9865298, 52.1622847], [20.9870194, 52.1625239], [20.9868012, 52.1676709], [20.9871274, 52.169008], [20.987123, 52.1698888], [20.9870859, 52.1708104], [20.9868757, 52.1714336], [20.9869779, 52.1746765], [20.9865785, 52.1892048], [20.9861434, 52.1903202], [20.9852529, 52.1912376], [20.9842578, 52.1919497], [20.9831376, 52.1924762], [20.9642197, 52.1969845], [20.9581468, 52.1902477], [20.9535239, 52.1911219], [20.9499706, 52.1882296], [20.9498161, 52.1878289], [20.9485921, 52.1867579], [20.9364847, 52.1910141], [20.9342362, 52.1886536], [20.9332997, 52.1867447], [20.932967, 52.1856664], [20.9321696, 52.1842628]]]}}, {"type": "Feature", "properties": {"name": "Nowe Włochy"}, "geometry": {"type": "Polygon", "coordinates": [[[20.8803438, 52.209066], [20.8810597, 52.209006], [20.8967234, 52.2027216], [20.9001432, 52.2017068], [20.9254749, 52.2097598], [20.9254436, 52.2101015], [20.9242737, 52.2101803], [20.9233362, 52.2105288], [20.9228104, 52.2109256], [20.9224846, 52.2114865], [20.9225055, 52.212164], [20.9228815, 52.2127179], [20.9235718, 52.2131633], [20.924417, 52.2134191], [20.9242076, 52.2138982], [20.921907, 52.2137357], [20.920696, 52.2139286], [20.9184432, 52.2146647], [20.9162553, 52.2144784], [20.9144508, 52.2146506], [20.9142365, 52.2141904], [20.9126392, 52.2139629], [20.9086499, 52.2136041], [20.887083, 52.2108874], [20.8817161, 52.2098439], [20.8803438, 52.209066]]]}}, {"type": "Feature", "properties": {"name": "Stegny"}, "geometry": {"type": "Polygon", "coordinates": [[[21.0287377, 52.1842077], [21.0305559, 52.1804186], [21.0330515, 52.1785531], [21.0347391, 52.1776203], [21.0352263, 52.1770665], [21.0367475, 52.1769426], [21.0428439, 52.1755215], [21.043311, 52.174985], [21.0459923, 52.1743808], [21.0467015, 52.1738001], [21.0512084, 52.1713948], [21.0541053, 52.1694835], [21.057497, 52.1697407], [21.0597869, 52.1701865], [21.0617813, 52.1702188], [21.0679524, 52.1696307], [21.0686131, 52.1702057], [21.0630659, 52.1753225], [21.0626308, 52.1754268], [21.0471341, 52.1900146], [21.0478055, 52.1922155], [21.0459387, 52.1920643], [21.0441041, 52.1916959], [21.0383266, 52.1900582], [21.0356283, 52.1890486], [21.0303712, 52.1884632], [21.0297596, 52.1882791], [21.0287614, 52.1862697], [21.0286426, 52.1856941], [21.0287377, 52.1842077]]]}}, {"type": "Feature", "properties": {"name": "Służew"}, "geometry": {"type": "Polygon", "coordinates": [[[20.9975698, 52.1694191], [21.0082139, 52.1670091], [21.0087485, 52.1678348], [21.0116143, 52.1669606], [21.0122962, 52.1655193], [21.0158562, 52.165652], [21.0158654, 52.1648303], [21.0168433, 52.1649194], [21.0169304, 52.1647745], [21.0184566, 52.164279], [21.0200029, 52.1662598], [21.0195659, 52.1670463], [21.0216643, 52.166601], [21.0244489, 52.166528], [21.0244865, 52.1669148], [21.0250048, 52.1672659], [21.0258925, 52.1673084], [21.025887, 52.1676802], [21.0262287, 52.1677115], [21.0282457, 52.167529], [21.0299329, 52.1667646], [21.0331147, 52.1674551], [21.0374319, 52.1687522], [21.0395355, 52.1699766], [21.0426367, 52.1726399], [21.0430318, 52.1732038], [21.0434798, 52.1748773], [21.0428439, 52.1755215], [21.0367475, 52.1769426], [21.0332655, 52.1773653], [21.0195395, 52.179996], [21.0152612, 52.1800033], [21.0135499, 52.1797701], [21.0112206, 52.1792163], [21.0076317, 52.1780649], [21.0049934, 52.177992], [21.0024146, 52.1785021], [21.0018917, 52.1779993], [21.0019749, 52.1773798], [20.9975698, 52.1694191]]]}}, {"type": "Feature", "properties": {"name": "Ksawerów"}, "geometry": {"type": "Polygon", "coordinates": [[[21.0020106, 52.1889217], [21.0024146, 52.1785021], [21.0049934, 52.177992], [21.0076317, 52.1780649], [21.0112206, 52.1792163], [21.0135499, 52.1797701], [21.0152612, 52.1800033], [21.0195395, 52.179996], [21.0223797, 52.179362], [21.0352263, 52.1770665], [21.0347391, 52.1776203], [21.0330515, 52.1785531], [21.0305559, 52.1804186], [21.0290585, 52.1833625], [21.0287377, 52.1842077], [21.0286426, 52.1856941], [21.0287614, 52.1862697], [21.0297596, 52.1882791], [21.0293734, 52.188552], [21.0288906, 52.1901273], [21.0222728, 52.1898397], [21.01702, 52.1891257], [21.0020106, 52.1889217]]]}}, {"type": "Feature", "properties": {"name": "Wierzbno"}, "geometry": {"type": "Polygon", "coordinates": [[[21.0017848, 52.195284], [21.0017848, 52.1922438], [21.0020106, 52.1889217], [21.01702, 52.1891257], [21.0222728, 52.1898397], [21.0288906, 52.1901273], [21.0288369, 52.1920708], [21.0291052, 52.194228], [21.0291749, 52.1946127], [21.0295826, 52.194912], [21.0297435, 52.1953592], [21.0294431, 52.1961582], [21.0284561, 52.1967863], [21.0288959, 52.1972959], [21.0289818, 52.1977858], [21.0285526, 52.1982067], [21.0270559, 52.1984467], [21.0270506, 52.1990813], [21.0263639, 52.1993246], [21.0238652, 52.1997322], [21.0238367, 52.200127], [21.0212436, 52.1998954], [21.0208562, 52.1994729], [21.0109069, 52.1976665], [21.0017915, 52.1956806], [21.0017848, 52.195284]]]}}, {"type": "Feature", "properties": {"name": "Stary Mokotów"}, "geometry": {"type": "Polygon", "coordinates": [[[20.9982866, 52.2091573], [20.9991109, 52.2066732], [20.9991584, 52.2058138], [21.0016422, 52.196906], [21.0017915, 52.1956806], [21.0109069, 52.1976665], [21.0208562, 52.1994729], [21.0212436, 52.1998954], [21.0238367, 52.200127], [21.0238652, 52.1997322], [21.0250121, 52.1995186], [21.0247868, 52.2007384], [21.0249424, 52.201899], [21.0250926, 52.2020963], [21.0268146, 52.2026026], [21.0270613, 52.2028031], [21.0271471, 52.2031417], [21.0269862, 52.2036283], [21.0262727, 52.2040327], [21.0260957, 52.2047395], [21.0262888, 52.2053839], [21.0257739, 52.2057225], [21.0244435, 52.2059986], [21.0242021, 52.2063635], [21.0243094, 52.2065542], [21.0248351, 52.206735], [21.0259294, 52.2066758], [21.0263854, 52.20709], [21.0266912, 52.2081584], [21.0272171, 52.2082552], [21.0256537, 52.2095257], [21.0244977, 52.2114338], [21.0220191, 52.2131232], [21.02141, 52.2129416], [21.0207402, 52.2133158], [21.0182256, 52.2128138], [21.0165898, 52.212301], [20.9982866, 52.2091573]]]}}, {"type": "Feature", "properties": {"name": "Wyględów"}, "geometry": {"type": "Polygon", "coordinates": [[[20.9819224, 52.1927582], [20.9831376, 52.1924762], [20.9845895, 52.191732], [20.9861434, 52.1903202], [20.9865021, 52.189545], [20.9909109, 52.1889436], [21.0020106, 52.1889217], [21.0016422, 52.196906], [20.9991584, 52.2058138], [20.9991109, 52.2066732], [20.9982866, 52.2091573], [20.9879222, 52.2102791], [20.9819224, 52.1927582]]]}}, {"type": "Feature", "properties": {"name": "Służewiec"}, "geometry": {"type": "Polygon", "coordinates": [[[20.9865021, 52.189545], [20.986922, 52.1778929], [20.9868757, 52.1714336], [20.987019, 52.1710684], [20.9876334, 52.1707609], [20.9877879, 52.1703979], [20.9881705, 52.1704125], [20.988161, 52.1707346], [20.9885859, 52.1713703], [20.9968719, 52.1692986], [20.9975698, 52.1694191], [21.0019749, 52.1773798], [21.0018917, 52.1779993], [21.0024146, 52.1785021], [21.0020106, 52.1889217], [20.9909109, 52.1889436], [20.9865021, 52.189545]]]}}, {"type": "Feature", "properties": {"name": "Siekierki"}, "geometry": {"type": "Polygon", "coordinates": [[[21.0611736, 52.2166454], [21.0611046, 52.2164808], [21.0639099, 52.2160787], [21.0621036, 52.2123197], [21.0623134, 52.2122672], [21.0637712, 52.2069103], [21.064424, 52.2064903], [21.0633825, 52.2058942], [21.0650464, 52.2048809], [21.0676235, 52.2039753], [21.0684942, 52.2030456], [21.0775333, 52.2042189], [21.0792921, 52.2046704], [21.0812173, 52.2054715], [21.0839031, 52.2072048], [21.0873732, 52.2110207], [21.0931331, 52.214871], [21.0898307, 52.2162287], [21.0858725, 52.2173969], [21.0822131, 52.2181072], [21.0779626, 52.2185451], [21.0751121, 52.2186199], [21.0685912, 52.21846], [21.0635635, 52.2189464], [21.0615225, 52.2168045], [21.0611736, 52.2166454]]]}}, {"type": "Feature", "properties": {"name": "Augustówka"}, "geometry": {"type": "Polygon", "coordinates": [[[21.0684942, 52.2030456], [21.0657282, 52.2026865], [21.0660415, 52.2022524], [21.066089, 52.2009632], [21.0656256, 52.1999945], [21.0657325, 52.1998633], [21.0656018, 52.1988509], [21.0678122, 52.1978967], [21.0689768, 52.1968332], [21.0705217, 52.1948372], [21.0708783, 52.193628], [21.0706026, 52.1917193], [21.0700702, 52.1904837], [21.0710851, 52.1897974], [21.0714368, 52.1890966], [21.0716032, 52.1874354], [21.0713774, 52.1867433], [21.0701296, 52.1851986], [21.0706168, 52.1849218], [21.0710066, 52.1827489], [21.070864, 52.1824254], [21.0711991, 52.1818833], [21.0721023, 52.1810453], [21.0736974, 52.179948], [21.0774075, 52.1823702], [21.081238, 52.1846007], [21.0891503, 52.1812991], [21.0893824, 52.1810996], [21.089279, 52.1808196], [21.0897018, 52.1806229], [21.0947583, 52.1809649], [21.0942575, 52.1819315], [21.0941791, 52.1826016], [21.0950846, 52.1851919], [21.0954082, 52.1856313], [21.0960978, 52.1860403], [21.0982011, 52.1865418], [21.0990547, 52.1873322], [21.0993137, 52.1878218], [21.0996112, 52.1891415], [21.0991411, 52.1903788], [21.0994148, 52.1911864], [21.0998665, 52.1916179], [21.1009555, 52.192208], [21.1026638, 52.1926457], [21.1033926, 52.1936365], [21.104912, 52.1945223], [21.1046613, 52.1977028], [21.1047154, 52.2015771], [21.1040892, 52.2040726], [21.1025151, 52.2073619], [21.1007617, 52.20969], [21.0991679, 52.2112228], [21.0952465, 52.2137749], [21.0931331, 52.214871], [21.0873732, 52.2110207], [21.0839031, 52.2072048], [21.0812173, 52.2054715], [21.0792921, 52.2046704], [21.0775333, 52.2042189], [21.0684942, 52.2030456]]]}}, {"type": "Feature", "properties": {"name": "Czerniaków"}, "geometry": {"type": "Polygon", "coordinates": [[[21.0464033, 52.2143626], [21.0473596, 52.2113699], [21.0498612, 52.2020596], [21.0512763, 52.1986868], [21.0519951, 52.1977562], [21.0502088, 52.1959412], [21.0478055, 52.1922155], [21.0577346, 52.1930598], [21.0671586, 52.1919379], [21.0706026, 52.1917193], [21.0708783, 52.193628], [21.0705217, 52.1948372], [21.0689768, 52.1968332], [21.0678122, 52.1978967], [21.0656018, 52.1988509], [21.0657325, 52.1998633], [21.0656256, 52.1999945], [21.066089, 52.2009632], [21.0660415, 52.2022524], [21.0657282, 52.2026865], [21.0684942, 52.2030456], [21.0676235, 52.2039753], [21.0650464, 52.2048809], [21.0633825, 52.2058942], [21.064424, 52.2064903], [21.0637712, 52.2069103], [21.0623134, 52.2122672], [21.0621036, 52.2123197], [21.0639099, 52.2160787], [21.0611046, 52.2164808], [21.0611736, 52.2166454], [21.054012, 52.2155492], [21.0543126, 52.2147965], [21.0494094, 52.2140548], [21.0491248, 52.2147905], [21.0464033, 52.2143626]]]}}, {"type": "Feature", "properties": {"name": "Sadyba"}, "geometry": {"type": "Polygon", "coordinates": [[[21.0471341, 52.1900146], [21.0626308, 52.1754268], [21.0630659, 52.1753225], [21.0651317, 52.176095], [21.0657857, 52.1755294], [21.0686092, 52.1765005], [21.0694453, 52.1769515], [21.0699836, 52.1775671], [21.0707382, 52.1777863], [21.0719537, 52.1786031], [21.0721268, 52.1784937], [21.0723669, 52.1786332], [21.0726582, 52.1793249], [21.0736974, 52.179948], [21.0721023, 52.1810453], [21.0711991, 52.1818833], [21.070864, 52.1824254], [21.0710066, 52.1827489], [21.0706168, 52.1849218], [21.0701296, 52.1851986], [21.0713774, 52.1867433], [21.0716032, 52.1874354], [21.0714368, 52.1890966], [21.0710851, 52.1897974], [21.0700702, 52.1904837], [21.0706026, 52.1917193], [21.0671586, 52.1919379], [21.0577346, 52.1930598], [21.0555242, 52.1929578], [21.0478055, 52.1922155], [21.0471341, 52.1900146]]]}}, {"type": "Feature", "properties": {"name": "Sady Żoliborskie"}, "geometry": {"type": "Polygon", "coordinates": [[[20.9478586, 52.2559211], [20.9483699, 52.2565042], [20.9514861, 52.2555175], [20.9546669, 52.255261], [20.9585502, 52.2557859], [20.9600225, 52.2558297], [20.9619504, 52.2551761], [20.9632366, 52.2550062], [20.9645161, 52.2543781], [20.9655894, 52.254311], [20.9697233, 52.2557307], [20.9700152, 52.2555847], [20.9704726, 52.2557159], [20.9736482, 52.2569591], [20.9735624, 52.2570681], [20.9794286, 52.2591377], [20.9795733, 52.2590196], [20.9810275, 52.2594357], [20.9804436, 52.2613804], [20.9737338, 52.2715334], [20.9686089, 52.2726317], [20.9655511, 52.273992], [20.9654076, 52.2738888], [20.9649439, 52.2741161], [20.9644073, 52.2737366], [20.9642188, 52.2731646], [20.9629708, 52.2713182], [20.9627449, 52.271376], [20.9621429, 52.2707104], [20.9591594, 52.2685112], [20.9586879, 52.2684144], [20.9575374, 52.2672774], [20.9575503, 52.266928], [20.9551725, 52.2647898], [20.9535086, 52.2637281], [20.9519436, 52.2622606], [20.951797, 52.2614299], [20.9509398, 52.2604606], [20.9470082, 52.256981], [20.9478586, 52.2559211]]]}}, {"type": "Feature", "properties": {"name": "Marymont-Potok"}, "geometry": {"type": "Polygon", "coordinates": [[[20.9655511, 52.273992], [20.9686089, 52.2726317], [20.9737338, 52.2715334], [20.9793098, 52.2737877], [20.9831324, 52.2761365], [20.9839303, 52.275626], [20.9837687, 52.2752566], [20.9857414, 52.2748494], [20.985865, 52.2738255], [20.9862833, 52.2731216], [20.9877379, 52.2735696], [20.988199, 52.2731653], [20.9890309, 52.2727784], [20.9906614, 52.2725661], [20.9919829, 52.2727028], [20.9938415, 52.2735899], [21.0041831, 52.2759239], [21.0037699, 52.2776356], [21.0031825, 52.279206], [21.002254, 52.2810056], [21.0013004, 52.2824443], [20.9990511, 52.2850268], [20.9957619, 52.2877505], [20.9900343, 52.2851363], [20.9895933, 52.2854651], [20.9866201, 52.2863937], [20.9854706, 52.2856908], [20.9857635, 52.2849134], [20.985611, 52.2837976], [20.9851696, 52.2833765], [20.9768322, 52.279515], [20.9765623, 52.2790698], [20.9718871, 52.2766266], [20.9702228, 52.2754768], [20.9671888, 52.2741746], [20.9662285, 52.2744426], [20.9655511, 52.273992]]]}}, {"type": "Feature", "properties": {"name": "Stary Żoliborz"}, "geometry": {"type": "Polygon", "coordinates": [[[20.9737338, 52.2715334], [20.9804436, 52.2613804], [20.9810275, 52.2594357], [20.9816049, 52.2596011], [20.9866262, 52.2597619], [20.9866227, 52.2596366], [20.9902147, 52.2594892], [20.9991704, 52.2593951], [20.9995522, 52.259092], [21.000107, 52.2590554], [21.0035341, 52.2593568], [21.0053834, 52.2598873], [21.0057423, 52.2602562], [21.0066163, 52.2602601], [21.0096422, 52.2612874], [21.0077667, 52.2634335], [21.0057149, 52.267427], [21.0047283, 52.2708094], [21.0041831, 52.2759239], [20.9938415, 52.2735899], [20.9919829, 52.2727028], [20.9906614, 52.2725661], [20.9890309, 52.2727784], [20.988199, 52.2731653], [20.9877379, 52.2735696], [20.9862833, 52.2731216], [20.985865, 52.2738255], [20.9857414, 52.2748494], [20.9837687, 52.2752566], [20.9839303, 52.275626], [20.9831324, 52.2761365], [20.9793098, 52.2737877], [20.9737338, 52.2715334]]]}}, {"type": "Feature", "properties": {"name": "Chrzanów"}, "geometry": {"type": "Polygon", "coordinates": [[[20.8708993, 52.2088535], [20.8768384, 52.2095816], [20.8785823, 52.2095505], [20.8782205, 52.2093213], [20.8803438, 52.209066], [20.8817161, 52.2098439], [20.887083, 52.2108874], [20.9011108, 52.2126422], [20.9005703, 52.2168392], [20.8978606, 52.2195232], [20.897347, 52.2207841], [20.8974111, 52.2219024], [20.8970149, 52.2266494], [20.8968888, 52.229764], [20.8969926, 52.2298826], [20.8965088, 52.2395384], [20.8931428, 52.239712], [20.8895133, 52.231999], [20.887277, 52.232161], [20.8797319, 52.2320224], [20.877977, 52.2309399], [20.8731013, 52.2290841], [20.8727857, 52.22883], [20.8727252, 52.2258049], [20.8725374, 52.225668], [20.8736566, 52.2250166], [20.8752802, 52.2248027], [20.8746203, 52.2166596], [20.8730865, 52.2166653], [20.8727544, 52.2152329], [20.8719404, 52.2152638], [20.8714295, 52.2131598], [20.8710165, 52.2103824], [20.8701595, 52.2103909], [20.8702027, 52.2098571], [20.8708993, 52.2088535]]]}}, {"type": "Feature", "properties": {"name": "Jelonki Południowe"}, "geometry": {"type": "Polygon", "coordinates": [[[20.8970176, 52.2275866], [20.8974111, 52.2219024], [20.897347, 52.2207841], [20.8978606, 52.2195232], [20.9005703, 52.2168392], [20.9011108, 52.2126422], [20.9142365, 52.2141904], [20.914394, 52.2146347], [20.9146635, 52.2146268], [20.9154712, 52.2171462], [20.9157608, 52.217329], [20.9192607, 52.2177854], [20.921191, 52.2182944], [20.923033, 52.219183], [20.9237651, 52.2197504], [20.9243757, 52.2205844], [20.9245342, 52.2211669], [20.924497, 52.2221806], [20.921528, 52.2280641], [20.9214762, 52.2294153], [20.921308, 52.2294076], [20.9214268, 52.2298351], [20.9150079, 52.2290836], [20.8970176, 52.2275866]]]}}, {"type": "Feature", "properties": {"name": "Jelonki Północne"}, "geometry": {"type": "Polygon", "coordinates": [[[20.8965088, 52.2395384], [20.8970176, 52.2275866], [20.9150079, 52.2290836], [20.9214268, 52.2298351], [20.9246551, 52.2400403], [20.9250075, 52.2405551], [20.9120542, 52.2389466], [20.9083746, 52.2387161], [20.8965088, 52.2395384]]]}}, {"type": "Feature", "properties": {"name": "Groty"}, "geometry": {"type": "Polygon", "coordinates": [[[20.8665831, 52.2496131], [20.8680573, 52.2493996], [20.8722073, 52.249404], [20.876548, 52.2485509], [20.8817122, 52.2479154], [20.8840228, 52.2473127], [20.8848903, 52.2481772], [20.8851609, 52.2481385], [20.8850198, 52.2472021], [20.8865378, 52.2472649], [20.8909828, 52.2469658], [20.8914594, 52.2449902], [20.8917607, 52.2447677], [20.893935, 52.2437508], [20.8958237, 52.2436004], [20.8972053, 52.2437133], [20.8982319, 52.2493293], [20.8944829, 52.2497678], [20.8933408, 52.2497667], [20.8874676, 52.2509019], [20.8708836, 52.2531912], [20.8675113, 52.2537869], [20.863806, 52.2500165], [20.8665831, 52.2496131]]]}}, {"type": "Feature", "properties": {"name": "Fort Bema"}, "geometry": {"type": "Polygon", "coordinates": [[[20.9275812, 52.2635946], [20.931324, 52.2489126], [20.9373323, 52.2495888], [20.9374798, 52.2502877], [20.9378553, 52.2503895], [20.9382757, 52.249768], [20.9385331, 52.2498933], [20.9384758, 52.2500193], [20.9403956, 52.2505169], [20.9441204, 52.2524421], [20.9461641, 52.2539732], [20.9478586, 52.2559211], [20.9470082, 52.256981], [20.9509398, 52.2604606], [20.951797, 52.2614299], [20.9519436, 52.2622606], [20.950881, 52.2629209], [20.9496862, 52.2632872], [20.9439225, 52.2648385], [20.9437109, 52.2645814], [20.9429416, 52.2647809], [20.9430359, 52.2649219], [20.9426425, 52.2652134], [20.9420294, 52.2661403], [20.9403952, 52.2666906], [20.9374937, 52.2673979], [20.9324391, 52.2683334], [20.9311701, 52.2663729], [20.9275812, 52.2635946]]]}}, {"type": "Feature", "properties": {"name": "Bemowo-Lotnisko"}, "geometry": {"type": "Polygon", "coordinates": [[[20.9002043, 52.2578569], [20.9049778, 52.2554331], [20.9075091, 52.2548511], [20.9094367, 52.2541338], [20.9060711, 52.2495184], [20.9099173, 52.2469055], [20.9130901, 52.2471954], [20.913117, 52.2470736], [20.9183489, 52.2477113], [20.9205642, 52.247646], [20.931324, 52.2489126], [20.9275812, 52.2635946], [20.9047758, 52.2663656], [20.9080439, 52.2652019], [20.9082459, 52.264911], [20.9079251, 52.2627217], [20.9002043, 52.2578569]]]}}, {"type": "Feature", "properties": {"name": "Lotnisko"}, "geometry": {"type": "Polygon", "coordinates": [[[20.8790031, 52.266936], [20.8816567, 52.2653779], [20.8839527, 52.2651307], [20.8855546, 52.2638768], [20.8915061, 52.2620118], [20.8986793, 52.2671075], [20.9275812, 52.2635946], [20.9311701, 52.2663729], [20.9324391, 52.2683334], [20.9268573, 52.2695763], [20.9201482, 52.2708323], [20.9167163, 52.2716249], [20.9164482, 52.2718918], [20.8934255, 52.2771701], [20.8905519, 52.2789405], [20.8899251, 52.2794506], [20.8891324, 52.2804825], [20.8878654, 52.2799863], [20.8858632, 52.2804329], [20.8849628, 52.2793392], [20.8844144, 52.2790934], [20.8811543, 52.2795145], [20.8790031, 52.266936]]]}}, {"type": "Feature", "properties": {"name": "Fort Radiowo"}, "geometry": {"type": "Polygon", "coordinates": [[[20.8675113, 52.2537869], [20.8708836, 52.2531912], [20.8874676, 52.2509019], [20.8933408, 52.2497667], [20.8944829, 52.2497678], [20.8982319, 52.2493293], [20.8976724, 52.2461429], [20.8993552, 52.2468583], [20.9099173, 52.2469055], [20.9060711, 52.2495184], [20.9094367, 52.2541338], [20.9075091, 52.2548511], [20.9049778, 52.2554331], [20.892937, 52.2615201], [20.8855546, 52.2638768], [20.8839527, 52.2651307], [20.8816567, 52.2653779], [20.8790031, 52.266936], [20.8787189, 52.265149], [20.8757139, 52.2621331], [20.8748976, 52.261706], [20.8751245, 52.2614762], [20.8675113, 52.2537869]]]}}, {"type": "Feature", "properties": {"name": "Boernerowo"}, "geometry": {"type": "Polygon", "coordinates": [[[20.8915061, 52.2620118], [20.892937, 52.2615201], [20.9002043, 52.2578569], [20.9079251, 52.2627217], [20.9082459, 52.264911], [20.9076517, 52.2654201], [20.9047758, 52.2663656], [20.8986793, 52.2671075], [20.8915061, 52.2620118]]]}}, {"type": "Feature", "properties": {"name": "Mirów"}, "geometry": {"type": "Polygon", "coordinates": [[[20.9802035, 52.237017], [20.9805463, 52.2355929], [20.9818318, 52.2339334], [20.9824258, 52.2326356], [20.9862167, 52.228363], [20.9887583, 52.2252379], [21.0016412, 52.2279802], [20.9981789, 52.2332109], [20.9956057, 52.2393824], [20.9936039, 52.2418861], [20.9850476, 52.2391196], [20.9802035, 52.237017]]]}}, {"type": "Feature", "properties": {"name": "Nowolipki"}, "geometry": {"type": "Polygon", "coordinates": [[[20.9772562, 52.2444397], [20.977898, 52.2424095], [20.9775319, 52.2410443], [20.9777316, 52.2393167], [20.9788724, 52.237854], [20.9802035, 52.237017], [20.9850476, 52.2391196], [20.9936039, 52.2418861], [20.9825078, 52.2548027], [20.9818316, 52.2544146], [20.9787536, 52.2476776], [20.9776603, 52.246659], [20.9770899, 52.2457713], [20.9772562, 52.2444397]]]}}, {"type": "Feature", "properties": {"name": "Powązki"}, "geometry": {"type": "Polygon", "coordinates": [[[20.9638269, 52.2532217], [20.9644643, 52.2526774], [20.9660377, 52.2474302], [20.9683908, 52.2474375], [20.9706155, 52.240957], [20.9742733, 52.2413762], [20.9733583, 52.2439158], [20.9772562, 52.2444397], [20.9770899, 52.2457713], [20.9776603, 52.246659], [20.9787536, 52.2476776], [20.9818316, 52.2544146], [20.9825078, 52.2548027], [20.9816566, 52.256957], [20.9810275, 52.2594357], [20.9795733, 52.2590196], [20.9794286, 52.2591377], [20.9735624, 52.2570681], [20.9736482, 52.2569591], [20.9704726, 52.2557159], [20.9700152, 52.2555847], [20.9697233, 52.2557307], [20.9655894, 52.254311], [20.9638269, 52.2532217]]]}}, {"type": "Feature", "properties": {"name": "Czyste"}, "geometry": {"type": "Polygon", "coordinates": [[[20.9579091, 52.2315075], [20.9578021, 52.2278971], [20.9579091, 52.2271037], [20.9586459, 52.2256988], [20.9608326, 52.2236095], [20.9614505, 52.2222772], [20.9614386, 52.2215565], [20.9610346, 52.2207193], [20.9598937, 52.219831], [20.9600406, 52.2182985], [20.9632193, 52.2188153], [20.9681351, 52.2200732], [20.9686383, 52.2195927], [20.9707869, 52.2203565], [20.9705247, 52.2207126], [20.9757072, 52.2221399], [20.9764001, 52.2220253], [20.9766265, 52.2222582], [20.9772297, 52.2223206], [20.9804181, 52.2233414], [20.987686, 52.2248746], [20.9887583, 52.2252379], [20.9862167, 52.228363], [20.9824258, 52.2326356], [20.9818318, 52.2339334], [20.9805463, 52.2355929], [20.9802035, 52.237017], [20.9789444, 52.2364979], [20.9726452, 52.234841], [20.9621398, 52.2328467], [20.9579091, 52.2315075]]]}}, {"type": "Feature", "properties": {"name": "Odolany"}, "geometry": {"type": "Polygon", "coordinates": [[[20.9146635, 52.2146268], [20.9162553, 52.2144784], [20.9184432, 52.2146647], [20.920696, 52.2139286], [20.921907, 52.2137357], [20.9242076, 52.2138982], [20.924417, 52.2134191], [20.9232167, 52.2129724], [20.9226072, 52.2123773], [20.9224346, 52.2118444], [20.9226233, 52.2111672], [20.9230387, 52.2107279], [20.9237181, 52.2103434], [20.9254436, 52.2101015], [20.9254749, 52.2097598], [20.926834, 52.2098368], [20.9300423, 52.2108667], [20.9340541, 52.2118385], [20.9376352, 52.2125977], [20.9381518, 52.2123389], [20.9422838, 52.213978], [20.94453, 52.2145692], [20.9523047, 52.2143513], [20.9540081, 52.2145175], [20.95475, 52.2147677], [20.9565355, 52.2156796], [20.9573916, 52.2166775], [20.9590572, 52.2178025], [20.9588826, 52.2181535], [20.9600406, 52.2182985], [20.9598937, 52.219831], [20.9610346, 52.2207193], [20.9614386, 52.2215565], [20.9614505, 52.2222772], [20.9608326, 52.2236095], [20.9586459, 52.2256988], [20.9579091, 52.2271037], [20.9578021, 52.2278971], [20.9579091, 52.2315075], [20.9560444, 52.2310276], [20.9559609, 52.2311685], [20.9509873, 52.2295494], [20.9445612, 52.2265156], [20.9379202, 52.2256114], [20.9245283, 52.2220758], [20.9245629, 52.2213306], [20.9243757, 52.2205844], [20.9237651, 52.2197504], [20.923033, 52.219183], [20.9203525, 52.2180314], [20.9157608, 52.217329], [20.9154712, 52.2171462], [20.9146635, 52.2146268]]]}}, {"type": "Feature", "properties": {"name": "Młynów"}, "geometry": {"type": "Polygon", "coordinates": [[[20.9579091, 52.2315075], [20.9621398, 52.2328467], [20.9726452, 52.234841], [20.9789444, 52.2364979], [20.9802035, 52.237017], [20.9788724, 52.237854], [20.9777316, 52.2393167], [20.9775319, 52.2410443], [20.977898, 52.2424095], [20.9772562, 52.2444397], [20.9733583, 52.2439158], [20.9742733, 52.2413762], [20.9706155, 52.240957], [20.9683908, 52.2474375], [20.9660377, 52.2474302], [20.9644643, 52.2526774], [20.9641411, 52.2530469], [20.9638269, 52.2532217], [20.961094, 52.2516574], [20.9602027, 52.2510317], [20.9592401, 52.2494384], [20.9579091, 52.2315075]]]}}, {"type": "Feature", "properties": {"name": "Koło"}, "geometry": {"type": "Polygon", "coordinates": [[[20.9250075, 52.2405551], [20.9277856, 52.2406747], [20.9582894, 52.2377739], [20.9592401, 52.2494384], [20.9602027, 52.2510317], [20.962021, 52.2522758], [20.9655894, 52.254311], [20.9645161, 52.2543781], [20.9632366, 52.2550062], [20.9619504, 52.2551761], [20.9600225, 52.2558297], [20.9585502, 52.2557859], [20.9546669, 52.255261], [20.9514861, 52.2555175], [20.9483699, 52.2565042], [20.9461641, 52.2539732], [20.9441204, 52.2524421], [20.9403956, 52.2505169], [20.9384758, 52.2500193], [20.9385331, 52.2498933], [20.9269146, 52.2438867], [20.9260239, 52.2430828], [20.9255957, 52.2424246], [20.9251576, 52.241265], [20.9248686, 52.2411911], [20.9250075, 52.2405551]]]}}, {"type": "Feature", "properties": {"name": "Ulrychów"}, "geometry": {"type": "Polygon", "coordinates": [[[20.9214268, 52.2298351], [20.921308, 52.2294076], [20.9214762, 52.2294153], [20.9214496, 52.2284692], [20.9217107, 52.227591], [20.9245283, 52.2220758], [20.9379202, 52.2256114], [20.9445612, 52.2265156], [20.9509873, 52.2295494], [20.9559609, 52.2311685], [20.9560444, 52.2310276], [20.9579091, 52.2315075], [20.9582894, 52.2377739], [20.9277856, 52.2406747], [20.9250075, 52.2405551], [20.9246551, 52.2400403], [20.9214268, 52.2298351]]]}}, {"type": "Feature", "properties": {"name": "Radiowo"}, "geometry": {"type": "Polygon", "coordinates": [[[20.8757562, 52.2804884], [20.8840408, 52.2790602], [20.8849109, 52.2792985], [20.8858632, 52.2804329], [20.8878654, 52.2799863], [20.8891324, 52.2804825], [20.8899251, 52.2794506], [20.8905519, 52.2789405], [20.8934255, 52.2771701], [20.9033289, 52.2749493], [20.9034726, 52.2773307], [20.9038692, 52.2783668], [20.9065363, 52.2801583], [20.9064127, 52.2804783], [20.9075258, 52.283728], [20.9110936, 52.2836578], [20.9156205, 52.2830779], [20.9200005, 52.2821878], [20.922586, 52.2843072], [20.919682, 52.2850513], [20.9119631, 52.2850612], [20.9097022, 52.2867709], [20.9055202, 52.2870936], [20.9058632, 52.2873826], [20.9040313, 52.2876015], [20.905324, 52.2880244], [20.9063571, 52.2889], [20.9031318, 52.2899566], [20.8999335, 52.2912496], [20.8968547, 52.2934945], [20.8943124, 52.2926891], [20.8884463, 52.2924396], [20.8769264, 52.2923554], [20.8757562, 52.2804884]]]}}, {"type": "Feature", "properties": {"name": "Huta"}, "geometry": {"type": "Polygon", "coordinates": [[[20.9040313, 52.2876015], [20.9058632, 52.2873826], [20.9055202, 52.2870936], [20.9097022, 52.2867709], [20.9119631, 52.2850612], [20.919682, 52.2850513], [20.922586, 52.2843072], [20.9382292, 52.297112], [20.9411764, 52.2991543], [20.9395008, 52.300833], [20.9377539, 52.3001063], [20.9356504, 52.298849], [20.93434, 52.2993166], [20.9250217, 52.3036313], [20.9248948, 52.3035531], [20.9244614, 52.3037532], [20.9239971, 52.3036552], [20.9217326, 52.3048039], [20.9194768, 52.3056695], [20.9144452, 52.3070586], [20.914345, 52.3068423], [20.9134603, 52.306874], [20.9102254, 52.308344], [20.9058203, 52.3010091], [20.9048434, 52.3003803], [20.9113999, 52.2974444], [20.9103812, 52.2923428], [20.9098946, 52.2917061], [20.9055844, 52.2881992], [20.9048228, 52.2877949], [20.9040313, 52.2876015]]]}}, {"type": "Feature", "properties": {"name": "Placówka"}, "geometry": {"type": "Polygon", "coordinates": [[[20.8968547, 52.2934945], [20.8999335, 52.2912496], [20.9031318, 52.2899566], [20.9063571, 52.2889], [20.9102581, 52.2921102], [20.9113999, 52.2974444], [20.9048434, 52.3003803], [20.9008634, 52.2971152], [20.8968547, 52.2934945]]]}}, {"type": "Feature", "properties": {"name": "Wólka Węglowa"}, "geometry": {"type": "Polygon", "coordinates": [[[20.875683, 52.3148516], [20.8754382, 52.314101], [20.878329, 52.3120551], [20.8792512, 52.311061], [20.8796028, 52.3102612], [20.8804686, 52.3091687], [20.8796346, 52.3082546], [20.8757949, 52.2986579], [20.8765686, 52.2979355], [20.8766621, 52.2975061], [20.8765593, 52.2965442], [20.877143, 52.2945526], [20.8769264, 52.2923554], [20.8884463, 52.2924396], [20.8943124, 52.2926891], [20.8968547, 52.2934945], [20.9008634, 52.2971152], [20.9048434, 52.3003803], [20.9058203, 52.3010091], [20.9102254, 52.308344], [20.9114829, 52.3091744], [20.9082627, 52.3092169], [20.9046804, 52.3082883], [20.9046459, 52.3079575], [20.9021736, 52.3075667], [20.8995318, 52.3076623], [20.8989184, 52.3080024], [20.8981413, 52.3081496], [20.896509, 52.3082087], [20.8912516, 52.3072156], [20.8899135, 52.3066363], [20.8860347, 52.3057557], [20.8854639, 52.305445], [20.8842768, 52.3053842], [20.885592, 52.3067078], [20.887394, 52.309783], [20.889234, 52.3119749], [20.8895812, 52.3126939], [20.8897889, 52.3136395], [20.8884342, 52.3132381], [20.8869085, 52.3131995], [20.8794127, 52.3137956], [20.875683, 52.3148516]]]}}, {"type": "Feature", "properties": {"name": "Młociny"}, "geometry": {"type": "Polygon", "coordinates": [[[20.8847386, 52.3058577], [20.8842768, 52.3053842], [20.8854639, 52.305445], [20.8860347, 52.3057557], [20.8899135, 52.3066363], [20.8912516, 52.3072156], [20.896509, 52.3082087], [20.8981413, 52.3081496], [20.8989184, 52.3080024], [20.8995318, 52.3076623], [20.9021736, 52.3075667], [20.9046459, 52.3079575], [20.9046804, 52.3082883], [20.9082627, 52.3092169], [20.9114829, 52.3091744], [20.9102254, 52.308344], [20.9134603, 52.306874], [20.914345, 52.3068423], [20.9144452, 52.3070586], [20.9194768, 52.3056695], [20.9217326, 52.3048039], [20.9239971, 52.3036552], [20.9244614, 52.3037532], [20.9248948, 52.3035531], [20.9250217, 52.3036313], [20.93434, 52.2993166], [20.9356504, 52.298849], [20.9377539, 52.3001063], [20.9395008, 52.300833], [20.9535573, 52.3056671], [20.951638, 52.307784], [20.94749, 52.310654], [20.9441061, 52.3123742], [20.937339, 52.3147444], [20.9347188, 52.3159967], [20.9310331, 52.318201], [20.9294216, 52.3195875], [20.9277821, 52.3213583], [20.926579, 52.3230793], [20.9257305, 52.3247503], [20.925209, 52.3266389], [20.9250156, 52.3280261], [20.9251225, 52.3294304], [20.9225846, 52.326754], [20.922058, 52.3237348], [20.9130704, 52.3218376], [20.9105485, 52.3240963], [20.9102373, 52.3239717], [20.90896, 52.3226592], [20.9077691, 52.3222256], [20.9070899, 52.3221208], [20.9066242, 52.323357], [20.9029557, 52.3224683], [20.8995565, 52.3221968], [20.8960356, 52.3216838], [20.8952268, 52.3214384], [20.8914792, 52.317625], [20.8896711, 52.3140536], [20.8897889, 52.3136395], [20.8895812, 52.3126939], [20.889234, 52.3119749], [20.887394, 52.309783], [20.885592, 52.3067078], [20.8847386, 52.3058577]]]}}, {"type": "Feature", "properties": {"name": "Las Bielański"}, "geometry": {"type": "Polygon", "coordinates": [[[20.9395008, 52.300833], [20.9503509, 52.2896037], [20.9584182, 52.2809443], [20.9655909, 52.2834783], [20.9682101, 52.2840978], [20.9724551, 52.2860999], [20.9769235, 52.2872993], [20.9749745, 52.2896764], [20.9749151, 52.2899454], [20.9800052, 52.2941262], [20.9739553, 52.2950999], [20.9704673, 52.2958517], [20.966309, 52.2970863], [20.9631846, 52.2982989], [20.9598244, 52.2999395], [20.9569351, 52.301739], [20.955116, 52.3034455], [20.9535573, 52.3056671], [20.9395008, 52.300833]]]}}, {"type": "Feature", "properties": {"name": "Marymont-Ruda"}, "geometry": {"type": "Polygon", "coordinates": [[[20.9705632, 52.2853016], [20.9732204, 52.2807476], [20.9738834, 52.2791998], [20.9765623, 52.2790698], [20.9768322, 52.279515], [20.9854053, 52.2835217], [20.985611, 52.2837976], [20.9857635, 52.2849134], [20.9854706, 52.2856908], [20.9866201, 52.2863937], [20.9895933, 52.2854651], [20.9900343, 52.2851363], [20.9957619, 52.2877505], [20.992684, 52.2896657], [20.9885785, 52.2916055], [20.9844796, 52.2930312], [20.9800052, 52.2941262], [20.9749151, 52.2899454], [20.9749745, 52.2896764], [20.9769235, 52.2872993], [20.9724551, 52.2860999], [20.9705632, 52.2853016]]]}}, {"type": "Feature", "properties": {"name": "Marymont-Kaskada"}, "geometry": {"type": "Polygon", "coordinates": [[[20.9584182, 52.2809443], [20.9639612, 52.2751216], [20.9655511, 52.273992], [20.9662285, 52.2744426], [20.9671888, 52.2741746], [20.9702228, 52.2754768], [20.9718871, 52.2766266], [20.9765623, 52.2790698], [20.9738834, 52.2791998], [20.9732204, 52.2807476], [20.9705632, 52.2853016], [20.9682101, 52.2840978], [20.9655909, 52.2834783], [20.9584182, 52.2809443]]]}}, {"type": "Feature", "properties": {"name": "Stare Bielany"}, "geometry": {"type": "Polygon", "coordinates": [[[20.9383843, 52.2754342], [20.9417386, 52.272993], [20.9431582, 52.2723556], [20.9450224, 52.2718108], [20.9469125, 52.2744779], [20.9477039, 52.2769733], [20.9638025, 52.2752901], [20.9503509, 52.2896037], [20.9476052, 52.2891142], [20.9461081, 52.2881507], [20.9430141, 52.286937], [20.9417231, 52.286696], [20.9412121, 52.286347], [20.9407428, 52.2855645], [20.9435563, 52.2842837], [20.9404219, 52.2813929], [20.9389366, 52.2774332], [20.9383843, 52.2754342]]]}}, {"type": "Feature", "properties": {"name": "Wrzeciono"}, "geometry": {"type": "Polygon", "coordinates": [[[20.9300908, 52.2904501], [20.9407428, 52.2855645], [20.9412121, 52.286347], [20.9417231, 52.286696], [20.9430141, 52.286937], [20.9452914, 52.2878078], [20.94639, 52.2882935], [20.9476052, 52.2891142], [20.9503509, 52.2896037], [20.9411764, 52.2991543], [20.9382292, 52.297112], [20.9300908, 52.2904501]]]}}, {"type": "Feature", "properties": {"name": "Wawrzyszew"}, "geometry": {"type": "Polygon", "coordinates": [[[20.9200005, 52.2821878], [20.9258731, 52.280751], [20.9317369, 52.2788741], [20.9391336, 52.2779504], [20.9404219, 52.2813929], [20.9435563, 52.2842837], [20.9300908, 52.2904501], [20.9200005, 52.2821878]]]}}, {"type": "Feature", "properties": {"name": "Chomiczówka"}, "geometry": {"type": "Polygon", "coordinates": [[[20.9033289, 52.2749493], [20.9164482, 52.2718918], [20.9167163, 52.2716249], [20.9201482, 52.2708323], [20.9268573, 52.2695763], [20.9324391, 52.2683334], [20.9348259, 52.2727702], [20.9383843, 52.2754342], [20.9391336, 52.2779504], [20.9317369, 52.2788741], [20.9253716, 52.2808907], [20.9160674, 52.2830019], [20.9110936, 52.2836578], [20.9075258, 52.283728], [20.9064127, 52.2804783], [20.9065363, 52.2801583], [20.9038692, 52.2783668], [20.9034726, 52.2773307], [20.9033289, 52.2749493]]]}}, {"type": "Feature", "properties": {"name": "Słodowiec"}, "geometry": {"type": "Polygon", "coordinates": [[[20.9450224, 52.2718108], [20.9582885, 52.26804], [20.9586879, 52.2684144], [20.9591594, 52.2685112], [20.9621429, 52.2707104], [20.9627449, 52.271376], [20.9629708, 52.2713182], [20.9642188, 52.2731646], [20.9644073, 52.2737366], [20.9649439, 52.2741161], [20.9654076, 52.2738888], [20.9655511, 52.273992], [20.9638025, 52.2752901], [20.9477039, 52.2769733], [20.9469125, 52.2744779], [20.9450224, 52.2718108]]]}}, {"type": "Feature", "properties": {"name": "Piaski"}, "geometry": {"type": "Polygon", "coordinates": [[[20.9324391, 52.2683334], [20.9374937, 52.2673979], [20.9403952, 52.2666906], [20.9420294, 52.2661403], [20.9426425, 52.2652134], [20.9430359, 52.2649219], [20.9429416, 52.2647809], [20.9437109, 52.2645814], [20.9439225, 52.2648385], [20.9496862, 52.2632872], [20.950881, 52.2629209], [20.9519436, 52.2622606], [20.9535086, 52.2637281], [20.9551725, 52.2647898], [20.9575503, 52.266928], [20.9575374, 52.2672774], [20.9582885, 52.26804], [20.9431582, 52.2723556], [20.9412817, 52.2732674], [20.9383843, 52.2754342], [20.9348259, 52.2727702], [20.9324391, 52.2683334]]]}}, {"type": "Feature", "properties": {"name": "Śródmieście Południowe"}, "geometry": {"type": "Polygon", "coordinates": [[[21.0018131, 52.2277151], [21.0047058, 52.2231188], [21.0049518, 52.2172431], [21.0069884, 52.2106517], [21.0165898, 52.212301], [21.0182256, 52.2128138], [21.0207402, 52.2133158], [21.02141, 52.2129416], [21.0248639, 52.2190121], [21.0250065, 52.2201769], [21.0240082, 52.2238898], [21.0303519, 52.2244052], [21.0307158, 52.2254091], [21.0304731, 52.2260286], [21.0297601, 52.2267507], [21.0285954, 52.2296624], [21.0279062, 52.2303684], [21.0269911, 52.2317659], [21.0264704, 52.232945], [21.0018131, 52.2277151]]]}}, {"type": "Feature", "properties": {"name": "Śródmieście Północne"}, "geometry": {"type": "Polygon", "coordinates": [[[20.9936039, 52.2418861], [20.9956057, 52.2393824], [20.9981789, 52.2332109], [21.0018131, 52.2277151], [21.0264704, 52.232945], [21.0254105, 52.2344371], [21.024127, 52.2355143], [21.0239844, 52.2363585], [21.0235328, 52.2373628], [21.0222613, 52.2381852], [21.0212511, 52.2390803], [21.0211085, 52.2398299], [21.0201578, 52.241278], [21.0201103, 52.2416128], [21.0196706, 52.2418092], [21.0190526, 52.2418092], [21.0162361, 52.2453239], [21.0157964, 52.2460951], [21.0157132, 52.2468228], [21.0115921, 52.2465261], [21.004055, 52.2456658], [21.001286, 52.2445016], [20.9936039, 52.2418861]]]}}, {"type": "Feature", "properties": {"name": "Muranów"}, "geometry": {"type": "Polygon", "coordinates": [[[20.9810275, 52.2594357], [20.9816566, 52.256957], [20.9826442, 52.25457], [20.9936039, 52.2418861], [21.001286, 52.2445016], [21.004055, 52.2456658], [21.0115921, 52.2465261], [21.0070735, 52.2482998], [21.0048512, 52.2494013], [21.0024412, 52.2516218], [21.0017424, 52.252003], [20.998277, 52.2553204], [20.9980441, 52.255981], [20.9968462, 52.2573311], [20.9958472, 52.2593741], [20.9902147, 52.2594892], [20.985476, 52.259773], [20.9816049, 52.2596011], [20.9810275, 52.2594357]]]}}, {"type": "Feature", "properties": {"name": "Nowe Miasto"}, "geometry": {"type": "Polygon", "coordinates": [[[20.9958472, 52.2593741], [20.9968462, 52.2573311], [20.9980441, 52.255981], [20.998277, 52.2553204], [21.0017424, 52.252003], [21.0024412, 52.2516218], [21.0048512, 52.2494013], [21.0061817, 52.2486803], [21.0090914, 52.2508448], [21.0094004, 52.2507313], [21.0106887, 52.2515054], [21.016405, 52.2535199], [21.0139682, 52.25614], [21.0108477, 52.26003], [21.0096422, 52.2612874], [21.0066163, 52.2602601], [21.0057423, 52.2602562], [21.0053834, 52.2598873], [21.0035341, 52.2593568], [21.000107, 52.2590554], [20.9995522, 52.259092], [20.9991704, 52.2593951], [20.9958472, 52.2593741]]]}}, {"type": "Feature", "properties": {"name": "Stare Miasto"}, "geometry": {"type": "Polygon", "coordinates": [[[21.0061817, 52.2486803], [21.0115921, 52.2465261], [21.0166045, 52.2469974], [21.0210206, 52.2488811], [21.0185501, 52.2512116], [21.016405, 52.2535199], [21.0106887, 52.2515054], [21.0094004, 52.2507313], [21.0090914, 52.2508448], [21.0061817, 52.2486803]]]}}, {"type": "Feature", "properties": {"name": "Powiśle"}, "geometry": {"type": "Polygon", "coordinates": [[[21.0157132, 52.2468228], [21.0159746, 52.2456731], [21.017781, 52.243512], [21.0182445, 52.2427334], [21.0190526, 52.2418092], [21.0196706, 52.2418092], [21.0201103, 52.2416128], [21.0201578, 52.241278], [21.0211085, 52.2398299], [21.0212511, 52.2390803], [21.0222613, 52.2381852], [21.0235328, 52.2373628], [21.0239844, 52.2363585], [21.024127, 52.2355143], [21.0254105, 52.2344371], [21.0263113, 52.2331707], [21.0292348, 52.234146], [21.03034, 52.2346846], [21.0336438, 52.2367879], [21.0368505, 52.2385994], [21.0343762, 52.2405084], [21.0312443, 52.2426308], [21.0237886, 52.2469051], [21.0210206, 52.2488811], [21.0166045, 52.2469974], [21.0157132, 52.2468228]]]}}, {"type": "Feature", "properties": {"name": "Solec"}, "geometry": {"type": "Polygon", "coordinates": [[[21.0263113, 52.2331707], [21.0269911, 52.2317659], [21.0279062, 52.2303684], [21.0285954, 52.2296624], [21.0297601, 52.2267507], [21.030687, 52.2256623], [21.0306243, 52.2250158], [21.0301237, 52.224114], [21.0303305, 52.2236642], [21.0312384, 52.2229099], [21.0312218, 52.2215893], [21.0305801, 52.2206429], [21.0386255, 52.2226886], [21.0405983, 52.2236933], [21.0493845, 52.2254043], [21.0464944, 52.2284541], [21.0423334, 52.2334976], [21.0401021, 52.2357437], [21.0368505, 52.2385994], [21.0336438, 52.2367879], [21.03034, 52.2346846], [21.0292348, 52.234146], [21.0263113, 52.2331707]]]}}, {"type": "Feature", "properties": {"name": "Ujazdów"}, "geometry": {"type": "Polygon", "coordinates": [[[21.02141, 52.2129416], [21.0220191, 52.2131232], [21.0244977, 52.2114338], [21.0258971, 52.2092637], [21.028584, 52.2072109], [21.0302452, 52.206815], [21.0326057, 52.206994], [21.0348819, 52.2068618], [21.0362704, 52.2095855], [21.044661, 52.2096875], [21.0449395, 52.2098584], [21.0450616, 52.2101737], [21.0473596, 52.2113699], [21.0464033, 52.2143626], [21.0491248, 52.2147905], [21.0494094, 52.2140548], [21.0543126, 52.2147965], [21.054012, 52.2155492], [21.0612879, 52.2166726], [21.0635635, 52.2189464], [21.0593239, 52.2199127], [21.0554585, 52.2213518], [21.0521034, 52.2232097], [21.0493845, 52.2254043], [21.0405983, 52.2236933], [21.0386255, 52.2226886], [21.0305801, 52.2206429], [21.0312218, 52.2215893], [21.0312384, 52.2229099], [21.0303305, 52.2236642], [21.0301237, 52.224114], [21.0303519, 52.2244052], [21.0240082, 52.2238898], [21.0250065, 52.2201769], [21.0248639, 52.2190121], [21.02141, 52.2129416]]]}}, {"type": "Feature", "properties": {"name": "Dąbrówka"}, "geometry": {"type": "Polygon", "coordinates": [[[21.0132363, 52.1226179], [21.0133131, 52.1172311], [21.0141598, 52.1172436], [21.0142293, 52.1155965], [21.0135662, 52.1155513], [21.0135643, 52.1144815], [21.0137737, 52.114488], [21.0137559, 52.1131799], [21.0147362, 52.1126405], [21.0156425, 52.1113239], [21.0160308, 52.1110569], [21.0184813, 52.1112925], [21.0186412, 52.1060485], [21.0355033, 52.1061899], [21.0357985, 52.1064403], [21.0351987, 52.1067653], [21.0370859, 52.1081232], [21.0380764, 52.1083609], [21.0379674, 52.1085482], [21.0383998, 52.1089847], [21.0420076, 52.1113164], [21.0418411, 52.1114289], [21.0420403, 52.1118948], [21.0437152, 52.1129627], [21.0430376, 52.1131176], [21.0377742, 52.1119163], [21.0281482, 52.1153464], [21.0247304, 52.1154661], [21.0247238, 52.1179903], [21.0183304, 52.1179481], [21.0182525, 52.1210255], [21.0155369, 52.1216598], [21.0132363, 52.1226179]]]}}, {"type": "Feature", "properties": {"name": "Pyry"}, "geometry": {"type": "Polygon", "coordinates": [[[21.0117832, 52.1282304], [21.0126382, 52.1267145], [21.0127971, 52.1243167], [21.0132363, 52.1226179], [21.0155369, 52.1216598], [21.0182525, 52.1210255], [21.0183304, 52.1179481], [21.0247238, 52.1179903], [21.0246163, 52.1236854], [21.0251297, 52.1236941], [21.0251297, 52.124091], [21.0246067, 52.124091], [21.0244095, 52.135673], [21.0297126, 52.1351213], [21.0300233, 52.1363604], [21.0320439, 52.138671], [21.032686, 52.1388656], [21.0314373, 52.1393161], [21.0300051, 52.1395269], [21.0299835, 52.1393884], [21.0290089, 52.1393401], [21.0287714, 52.1395158], [21.0163896, 52.138811], [21.0123853, 52.1388006], [21.0123762, 52.1379208], [21.0121549, 52.1378937], [21.0121694, 52.1368708], [21.0128706, 52.136595], [21.0122111, 52.1341537], [21.0119036, 52.1338656], [21.0113135, 52.1310019], [21.0113814, 52.1292641], [21.0117832, 52.1282304]]]}}, {"type": "Feature", "properties": {"name": "Górce"}, "geometry": {"type": "Polygon", "coordinates": [[[20.8931428, 52.239712], [20.9083746, 52.2387161], [20.9120542, 52.2389466], [20.9250075, 52.2405551], [20.9248686, 52.2411911], [20.9251576, 52.241265], [20.9255957, 52.2424246], [20.9260239, 52.2430828], [20.9269146, 52.2438867], [20.9382757, 52.249768], [20.9378553, 52.2503895], [20.9374798, 52.2502877], [20.9373323, 52.2495888], [20.9205642, 52.247646], [20.9183489, 52.2477113], [20.913117, 52.2470736], [20.9130901, 52.2471954], [20.9101603, 52.2469066], [20.8993552, 52.2468583], [20.8976724, 52.2461429], [20.8972053, 52.2437133], [20.8958237, 52.2436004], [20.8939411, 52.2437884], [20.8937394, 52.2422109], [20.8931428, 52.239712]]]}}, {"type": "Feature", "properties": {"name": "Jelonki"}, "geometry": {"type": "Polygon", "coordinates": [[[20.8965088, 52.2395384], [20.8969926, 52.2298826], [20.8968888, 52.229764], [20.8970149, 52.2266494], [20.8974111, 52.2219024], [20.897347, 52.2207841], [20.8978606, 52.2195232], [20.9005703, 52.2168392], [20.9011108, 52.2126422], [20.9142365, 52.2141904], [20.914394, 52.2146347], [20.9146635, 52.2146268], [20.9154712, 52.2171462], [20.9157608, 52.217329], [20.9192607, 52.2177854], [20.921191, 52.2182944], [20.923033, 52.219183], [20.9241174, 52.2201826], [20.9245342, 52.2211669], [20.924497, 52.2221806], [20.9217107, 52.227591], [20.9214496, 52.2284692], [20.9214762, 52.2294153], [20.921308, 52.2294076], [20.9246551, 52.2400403], [20.9250075, 52.2405551], [20.9120542, 52.2389466], [20.9083746, 52.2387161], [20.8965088, 52.2395384]]]}}, {"type": "Feature", "properties": {"name": "Marysin Wawerski"}, "geometry": {"type": "Polygon", "coordinates": [[[21.1278272, 52.2339678], [21.1316588, 52.2322834], [21.1308535, 52.2317694], [21.1337844, 52.2309417], [21.1354257, 52.2300366], [21.1357852, 52.2304128], [21.1439807, 52.2268206], [21.1460178, 52.2264222], [21.1906022, 52.2248726], [21.2070803, 52.223959], [21.2073258, 52.2276331], [21.2119049, 52.2300091], [21.2071231, 52.2331592], [21.2051618, 52.2338358], [21.2009173, 52.2347407], [21.1979921, 52.2344371], [21.1969876, 52.2345509], [21.1840346, 52.239761], [21.1810737, 52.2417169], [21.1776043, 52.2444326], [21.1764343, 52.2451372], [21.1733883, 52.2434914], [21.1636134, 52.2415703], [21.1632016, 52.2423602], [21.1622264, 52.2422088], [21.1617109, 52.2430242], [21.1564349, 52.2419786], [21.1555562, 52.2419532], [21.1532696, 52.2413671], [21.141764, 52.2390787], [21.1394458, 52.2432137], [21.1381911, 52.2431659], [21.1374246, 52.2427711], [21.13264, 52.2390592], [21.1283899, 52.234961], [21.1278808, 52.2343851], [21.1278272, 52.2339678]]]}}, {"type": "Feature", "properties": {"name": "Nowy Rembertów"}, "geometry": {"type": "Polygon", "coordinates": [[[21.1389123, 52.2431904], [21.1394458, 52.2432137], [21.141764, 52.2390787], [21.1532696, 52.2413671], [21.1555562, 52.2419532], [21.1564349, 52.2419786], [21.1617109, 52.2430242], [21.1622264, 52.2422088], [21.1632016, 52.2423602], [21.1636134, 52.2415703], [21.1733883, 52.2434914], [21.1764343, 52.2451372], [21.1766771, 52.2450352], [21.1767798, 52.2452047], [21.1810585, 52.2457168], [21.1841037, 52.2463159], [21.1844366, 52.2466046], [21.184199, 52.2467813], [21.1844382, 52.2469352], [21.1829071, 52.2495062], [21.1869705, 52.2503986], [21.1869559, 52.2517735], [21.1888908, 52.2522983], [21.1903899, 52.2496611], [21.1913392, 52.2499304], [21.1906932, 52.2553138], [21.1904832, 52.2561751], [21.1793435, 52.2567023], [21.1785231, 52.2565273], [21.1718846, 52.2565114], [21.1418228, 52.2579084], [21.1375351, 52.247079], [21.1377031, 52.2456702], [21.1389123, 52.2431904]]]}}, {"type": "Feature", "properties": {"name": "Stary Rembertów"}, "geometry": {"type": "Polygon", "coordinates": [[[21.1418228, 52.2579084], [21.1718846, 52.2565114], [21.1790834, 52.2566272], [21.1817417, 52.2574773], [21.1832313, 52.2584421], [21.1838955, 52.2591744], [21.1842894, 52.2599215], [21.1845595, 52.2611816], [21.1850698, 52.265797], [21.1847411, 52.2668129], [21.1839913, 52.2677867], [21.1829866, 52.2685141], [21.1768586, 52.2718346], [21.1753473, 52.272946], [21.1706708, 52.2769674], [21.171183, 52.2773209], [21.1724498, 52.2867604], [21.1722248, 52.28678], [21.1714656, 52.28925], [21.1692161, 52.2911062], [21.1686153, 52.2910178], [21.1651537, 52.2902287], [21.1643189, 52.2897155], [21.1631982, 52.2884196], [21.1614918, 52.2856786], [21.1597149, 52.2847712], [21.1556218, 52.283699], [21.1542565, 52.2827657], [21.1515582, 52.2814579], [21.1507455, 52.2806128], [21.1490504, 52.2793525], [21.1418726, 52.2785083], [21.1447623, 52.2655356], [21.1445493, 52.2641787], [21.1436408, 52.2618332], [21.1418228, 52.2579084]]]}}, {"type": "Feature", "properties": {"name": "Olszynka Grochowska"}, "geometry": {"type": "Polygon", "coordinates": [[[21.0739594, 52.2589078], [21.0859328, 52.2551846], [21.0953167, 52.2529095], [21.1109717, 52.2486383], [21.132413, 52.2388429], [21.13264, 52.2390592], [21.1308819, 52.2398844], [21.1310697, 52.2403008], [21.1303051, 52.2406746], [21.1316784, 52.2417092], [21.1323311, 52.2431391], [21.1322885, 52.243344], [21.1212571, 52.2520121], [21.1147438, 52.2567966], [21.1150705, 52.2573319], [21.1151933, 52.2594454], [21.0887329, 52.2605565], [21.0823717, 52.2601577], [21.0765634, 52.259437], [21.0758108, 52.2593008], [21.0758871, 52.2591471], [21.0739594, 52.2589078]]]}}, {"type": "Feature", "properties": {"name": "Grochów"}, "geometry": {"type": "Polygon", "coordinates": [[[21.0643819, 52.2569375], [21.0665112, 52.2501653], [21.0680011, 52.2505227], [21.0702167, 52.2502376], [21.0693322, 52.2451203], [21.07028, 52.2450967], [21.0686272, 52.2435409], [21.069013, 52.2423407], [21.0693743, 52.2417548], [21.0649103, 52.2408376], [21.0665136, 52.239277], [21.06959, 52.2343244], [21.0708191, 52.2325761], [21.072046, 52.2312013], [21.077932, 52.234741], [21.079191, 52.2352642], [21.0810603, 52.2356124], [21.0857463, 52.2362038], [21.0870123, 52.2361972], [21.0974881, 52.2347831], [21.1026588, 52.2432355], [21.1081622, 52.2494217], [21.0953167, 52.2529095], [21.0859328, 52.2551846], [21.0739594, 52.2589078], [21.0732639, 52.2585817], [21.0698114, 52.2583016], [21.0660365, 52.2577403], [21.0652302, 52.2574965], [21.0643819, 52.2569375]]]}}, {"type": "Feature", "properties": {"name": "Gocławek"}, "geometry": {"type": "Polygon", "coordinates": [[[21.0974881, 52.2347831], [21.1161625, 52.2327148], [21.1190057, 52.2326162], [21.119377, 52.2324188], [21.1245635, 52.2324719], [21.1261704, 52.2327791], [21.1273802, 52.233333], [21.1277143, 52.2336265], [21.1278808, 52.2343851], [21.1283899, 52.234961], [21.132413, 52.2388429], [21.1120017, 52.2482377], [21.1081622, 52.2494217], [21.1026588, 52.2432355], [21.0974881, 52.2347831]]]}}]}